#second	computedX	computedY	computedZ	realX	realY	realZ	witnesscount	deviation	totalDetections
15	403.86667	489.36664	8.166667	406.7001	492.29987	10.5	9	4.078256738752824	-1
45	410.83334	487.9	5.8333335	406.7001	492.29987	10.5	3	6.0367659293226	-1
75	402.73752	489.0	8.75	406.7001	492.29987	10.5	8	5.156665320720535	-1
105	410.83334	487.9	5.8333335	406.7001	492.29987	10.5	3	6.0367659293226	-1
135	402.73752	489.0	8.75	406.7001	492.29987	10.5	8	5.156665320720535	-1
165	410.83334	487.9	5.8333335	406.7001	492.29987	10.5	3	6.0367659293226	-1
195	402.73752	489.0	8.75	406.7001	492.29987	10.5	8	5.156665320720535	-1
225	410.83334	487.9	5.8333335	406.7001	492.29987	10.5	3	6.0367659293226	-1
255	402.73752	489.0	8.75	406.7001	492.29987	10.5	8	5.156665320720535	-1
285	410.83334	487.9	5.8333335	406.7001	492.29987	10.5	3	6.0367659293226	-1
315	402.73752	489.0	8.75	406.7001	492.29987	10.5	8	5.156665320720535	-1
345	410.83334	487.9	5.8333335	406.7001	492.29987	10.5	3	6.0367659293226	-1
375	402.73752	489.0	8.75	406.7001	492.29987	10.5	8	5.156665320720535	-1
405	410.83334	487.9	5.8333335	406.7001	492.29987	10.5	3	6.0367659293226	-1
435	402.73752	489.0	8.75	406.7001	492.29987	10.5	8	5.156665320720535	-1
465	410.83334	487.9	5.8333335	406.7001	492.29987	10.5	3	6.0367659293226	-1
495	402.73752	489.0	8.75	406.7001	492.29987	10.5	8	5.156665320720535	-1
525	410.83334	487.9	5.8333335	406.7001	492.29987	10.5	3	6.0367659293226	-1
555	402.73752	489.0	8.75	406.7001	492.29987	10.5	8	5.156665320720535	-1
585	410.83334	487.9	5.8333335	406.7001	492.29987	10.5	3	6.0367659293226	-1
615	402.73752	489.0	8.75	406.7001	492.29987	10.5	8	5.156665320720535	-1
645	410.83334	487.9	5.8333335	406.7001	492.29987	10.5	3	6.0367659293226	-1
675	402.73752	489.0	8.75	406.7001	492.29987	10.5	8	5.156665320720535	-1
705	410.83334	487.9	5.8333335	406.7001	492.29987	10.5	3	6.0367659293226	-1
735	402.73752	489.0	8.75	406.7001	492.29987	10.5	8	5.156665320720535	-1
765	410.83334	487.9	5.8333335	406.7001	492.29987	10.5	3	6.0367659293226	-1
795	402.73752	489.0	8.75	406.7001	492.29987	10.5	8	5.156665320720535	-1
825	410.83334	487.9	5.8333335	406.7001	492.29987	10.5	3	6.0367659293226	-1
855	402.73752	489.0	8.75	406.7001	492.29987	10.5	8	5.156665320720535	-1
885	410.83334	487.9	5.8333335	406.7001	492.29987	10.5	3	6.0367659293226	-1
915	402.73752	489.0	8.75	406.7001	492.29987	10.5	8	5.156665320720535	-1
945	410.83334	487.9	5.8333335	406.7001	492.29987	10.5	3	6.0367659293226	-1
975	402.73752	489.0	8.75	406.7001	492.29987	10.5	8	5.156665320720535	-1
1005	410.83334	487.9	5.8333335	406.7001	492.29987	10.5	3	6.0367659293226	-1
1035	402.73752	489.0	8.75	406.7001	492.29987	10.5	8	5.156665320720535	-1
1065	410.83334	487.9	5.8333335	406.7001	492.29987	10.5	3	6.0367659293226	-1
1095	402.73752	489.0	8.75	406.7001	492.29987	10.5	8	5.156665320720535	-1
1125	410.83334	487.9	5.8333335	406.7001	492.29987	10.5	3	6.0367659293226	-1
1155	402.73752	489.0	8.75	406.7001	492.29987	10.5	8	5.156665320720535	-1
1185	410.83334	487.9	5.8333335	406.7001	492.29987	10.5	3	6.0367659293226	-1
1215	402.73752	489.0	8.75	406.7001	492.29987	10.5	8	5.156665320720535	-1
1245	410.83334	487.9	5.8333335	406.7001	492.29987	10.5	3	6.0367659293226	-1
1275	402.73752	489.0	8.75	406.7001	492.29987	10.5	8	5.156665320720535	-1
1305	410.83334	487.9	5.8333335	406.7001	492.29987	10.5	3	6.0367659293226	-1
1335	402.73752	489.0	8.75	406.7001	492.29987	10.5	8	5.156665320720535	-1
1365	410.83334	487.9	5.8333335	406.7001	492.29987	10.5	3	6.0367659293226	-1
1395	402.73752	489.0	8.75	406.7001	492.29987	10.5	8	5.156665320720535	-1
1425	410.83334	487.9	5.8333335	406.7001	492.29987	10.5	3	6.0367659293226	-1
1455	402.73752	489.0	8.75	406.7001	492.29987	10.5	8	5.156665320720535	-1
1485	410.83334	487.9	5.8333335	406.7001	492.29987	10.5	3	6.0367659293226	-1
1515	402.73752	489.0	8.75	406.7001	492.29987	10.5	8	5.156665320720535	-1
1545	410.83334	487.9	5.8333335	406.7001	492.29987	10.5	3	6.0367659293226	-1
1575	402.73752	489.0	8.75	406.7001	492.29987	10.5	8	5.156665320720535	-1
1605	410.83334	487.9	5.8333335	406.7001	492.29987	10.5	3	6.0367659293226	-1
1635	402.73752	489.0	8.75	406.7001	492.29987	10.5	8	5.156665320720535	-1
1665	410.83334	487.9	5.8333335	406.7001	492.29987	10.5	3	6.0367659293226	-1
1695	402.73752	489.0	8.75	406.7001	492.29987	10.5	8	5.156665320720535	-1
1725	410.83334	487.9	5.8333335	406.7001	492.29987	10.5	3	6.0367659293226	-1
1755	402.73752	489.0	8.75	406.7001	492.29987	10.5	8	5.156665320720535	-1
1785	410.83334	487.9	5.8333335	406.7001	492.29987	10.5	3	6.0367659293226	-1
1815	402.73752	489.0	8.75	406.7001	492.29987	10.5	8	5.156665320720535	-1
1845	410.83334	487.9	5.8333335	406.7001	492.29987	10.5	3	6.0367659293226	-1
1875	402.73752	489.0	8.75	406.7001	492.29987	10.5	8	5.156665320720535	-1
1905	410.83334	487.9	5.8333335	406.7001	492.29987	10.5	3	6.0367659293226	-1
1935	402.73752	489.0	8.75	406.7001	492.29987	10.5	8	5.156665320720535	-1
1965	410.83334	487.9	5.8333335	406.7001	492.29987	10.5	3	6.0367659293226	-1
1995	402.73752	489.0	8.75	406.7001	492.29987	10.5	8	5.156665320720535	-1
2025	410.83334	487.9	5.8333335	406.7001	492.29987	10.5	3	6.0367659293226	-1
2055	402.73752	489.0	8.75	406.7001	492.29987	10.5	8	5.156665320720535	-1
2085	410.83334	487.9	5.8333335	406.7001	492.29987	10.5	3	6.0367659293226	-1
2115	402.73752	489.0	8.75	406.7001	492.29987	10.5	8	5.156665320720535	-1
2145	410.83334	487.9	5.8333335	406.7001	492.29987	10.5	3	6.0367659293226	-1
2175	402.73752	489.0	8.75	406.7001	492.29987	10.5	8	5.156665320720535	-1
2205	410.83334	487.9	5.8333335	406.7001	492.29987	10.5	3	6.0367659293226	-1
2235	402.73752	489.0	8.75	406.7001	492.29987	10.5	8	5.156665320720535	-1
2265	410.83334	487.9	5.8333335	406.7001	492.29987	10.5	3	6.0367659293226	-1
2295	402.73752	489.0	8.75	406.7001	492.29987	10.5	8	5.156665320720535	-1
2325	410.83334	487.9	5.8333335	406.7001	492.29987	10.5	3	6.0367659293226	-1
2355	402.73752	489.0	8.75	406.7001	492.29987	10.5	8	5.156665320720535	-1
2385	410.83334	487.9	5.8333335	406.7001	492.29987	10.5	3	6.0367659293226	-1
2415	402.73752	489.0	8.75	406.7001	492.29987	10.5	8	5.156665320720535	-1
2445	410.83334	487.9	5.8333335	406.7001	492.29987	10.5	3	6.0367659293226	-1
2475	402.73752	489.0	8.75	406.7001	492.29987	10.5	8	5.156665320720535	-1
2505	410.83334	487.9	5.8333335	406.7001	492.29987	10.5	3	6.0367659293226	-1
2535	402.73752	489.0	8.75	406.7001	492.29987	10.5	8	5.156665320720535	-1
2565	410.83334	487.9	5.8333335	406.7001	492.29987	10.5	3	6.0367659293226	-1
2595	402.73752	489.0	8.75	406.7001	492.29987	10.5	8	5.156665320720535	-1
2625	410.83334	487.9	5.8333335	406.7001	492.29987	10.5	3	6.0367659293226	-1
2655	402.73752	489.0	8.75	406.7001	492.29987	10.5	8	5.156665320720535	-1
2685	410.83334	487.9	5.8333335	406.7001	492.29987	10.5	3	6.0367659293226	-1
2715	402.73752	489.0	8.75	406.7001	492.29987	10.5	8	5.156665320720535	-1
2745	410.83334	487.9	5.8333335	406.7001	492.29987	10.5	3	6.0367659293226	-1
2775	402.73752	489.0	8.75	406.7001	492.29987	10.5	8	5.156665320720535	-1
2805	410.83334	487.9	5.8333335	406.7001	492.29987	10.5	3	6.0367659293226	-1
2835	402.73752	489.0	8.75	406.7001	492.29987	10.5	8	5.156665320720535	-1
2865	410.83334	487.9	5.8333335	406.7001	492.29987	10.5	3	6.0367659293226	-1
2895	402.73752	489.0	8.75	406.7001	492.29987	10.5	8	5.156665320720535	-1
2925	410.83334	487.9	5.8333335	406.7001	492.29987	10.5	3	6.0367659293226	-1
2955	402.73752	489.0	8.75	406.7001	492.29987	10.5	8	5.156665320720535	-1
2985	410.83334	487.9	5.8333335	406.7001	492.29987	10.5	3	6.0367659293226	-1
3015	402.73752	489.0	8.75	406.7001	492.29987	10.5	8	5.156665320720535	-1
3045	410.83334	487.9	5.8333335	406.7001	492.29987	10.5	3	6.0367659293226	-1
3075	402.73752	489.0	8.75	406.7001	492.29987	10.5	8	5.156665320720535	-1
3105	410.83334	487.9	5.8333335	406.7001	492.29987	10.5	3	6.0367659293226	-1
3135	402.73752	489.0	8.75	406.7001	492.29987	10.5	8	5.156665320720535	-1
3165	410.83334	487.9	5.8333335	406.7001	492.29987	10.5	3	6.0367659293226	-1
3195	402.73752	489.0	8.75	406.7001	492.29987	10.5	8	5.156665320720535	-1
3225	410.83334	487.9	5.8333335	406.7001	492.29987	10.5	3	6.0367659293226	-1
3255	402.73752	489.0	8.75	406.7001	492.29987	10.5	8	5.156665320720535	-1
3285	410.83334	487.9	5.8333335	406.7001	492.29987	10.5	3	6.0367659293226	-1
3315	402.73752	489.0	8.75	406.7001	492.29987	10.5	8	5.156665320720535	-1
3345	410.83334	487.9	5.8333335	406.7001	492.29987	10.5	3	6.0367659293226	-1
3375	402.73752	489.0	8.75	406.7001	492.29987	10.5	8	5.156665320720535	-1
3405	410.83334	487.9	5.8333335	406.7001	492.29987	10.5	3	6.0367659293226	-1
3435	402.73752	489.0	8.75	406.7001	492.29987	10.5	8	5.156665320720535	-1
3465	410.83334	487.9	5.8333335	406.7001	492.29987	10.5	3	6.0367659293226	-1
3495	402.73752	489.0	8.75	406.7001	492.29987	10.5	8	5.156665320720535	-1
3525	410.83334	487.9	5.8333335	406.7001	492.29987	10.5	3	6.0367659293226	-1
3555	402.73752	489.0	8.75	406.7001	492.29987	10.5	8	5.156665320720535	-1
3585	410.83334	487.9	5.8333335	406.7001	492.29987	10.5	3	6.0367659293226	-1
3615	402.73752	489.0	8.75	406.7001	492.29987	10.5	8	5.156665320720535	-1
3645	410.83334	487.9	5.8333335	406.7001	492.29987	10.5	3	6.0367659293226	-1
3675	402.73752	489.0	8.75	406.7001	492.29987	10.5	8	5.156665320720535	-1
3705	410.83334	487.9	5.8333335	406.7001	492.29987	10.5	3	6.0367659293226	-1
3735	402.73752	489.0	8.75	406.7001	492.29987	10.5	8	5.156665320720535	-1
3765	410.83334	487.9	5.8333335	406.7001	492.29987	10.5	3	6.0367659293226	-1
3795	402.73752	489.0	8.75	406.7001	492.29987	10.5	8	5.156665320720535	-1
3825	410.83334	487.9	5.8333335	406.7001	492.29987	10.5	3	6.0367659293226	-1
3855	402.73752	489.0	8.75	406.7001	492.29987	10.5	8	5.156665320720535	-1
3885	410.83334	487.9	5.8333335	406.7001	492.29987	10.5	3	6.0367659293226	-1
3915	402.73752	489.0	8.75	406.7001	492.29987	10.5	8	5.156665320720535	-1
3945	410.83334	487.9	5.8333335	406.7001	492.29987	10.5	3	6.0367659293226	-1
3975	402.73752	489.0	8.75	406.7001	492.29987	10.5	8	5.156665320720535	-1
4005	410.83334	487.9	5.8333335	406.7001	492.29987	10.5	3	6.0367659293226	-1
4035	402.73752	489.0	8.75	406.7001	492.29987	10.5	8	5.156665320720535	-1
4065	410.83334	487.9	5.8333335	406.7001	492.29987	10.5	3	6.0367659293226	-1
4095	402.73752	489.0	8.75	406.7001	492.29987	10.5	8	5.156665320720535	-1
4125	410.83334	487.9	5.8333335	406.7001	492.29987	10.5	3	6.0367659293226	-1
4155	402.73752	489.0	8.75	406.7001	492.29987	10.5	8	5.156665320720535	-1
4185	410.83334	487.9	5.8333335	406.7001	492.29987	10.5	3	6.0367659293226	-1
4215	402.73752	489.0	8.75	406.7001	492.29987	10.5	8	5.156665320720535	-1
4245	410.83334	487.9	5.8333335	406.7001	492.29987	10.5	3	6.0367659293226	-1
4275	402.73752	489.0	8.75	406.7001	492.29987	10.5	8	5.156665320720535	-1
4305	410.83334	487.9	5.8333335	406.7001	492.29987	10.5	3	6.0367659293226	-1
4335	402.73752	489.0	8.75	406.7001	492.29987	10.5	8	5.156665320720535	-1
4365	410.83334	487.9	5.8333335	406.7001	492.29987	10.5	3	6.0367659293226	-1
4395	402.73752	489.0	8.75	406.7001	492.29987	10.5	8	5.156665320720535	-1
4425	410.83334	487.9	5.8333335	406.7001	492.29987	10.5	3	6.0367659293226	-1
4455	402.73752	489.0	8.75	406.7001	492.29987	10.5	8	5.156665320720535	-1
4485	410.83334	487.9	5.8333335	406.7001	492.29987	10.5	3	6.0367659293226	-1
4515	402.73752	489.0	8.75	406.7001	492.29987	10.5	8	5.156665320720535	-1
4545	410.83334	487.9	5.8333335	406.7001	492.29987	10.5	3	6.0367659293226	-1
4575	402.73752	489.0	8.75	406.7001	492.29987	10.5	8	5.156665320720535	-1
4605	410.83334	487.9	5.8333335	406.7001	492.29987	10.5	3	6.0367659293226	-1
4635	402.73752	489.0	8.75	406.7001	492.29987	10.5	8	5.156665320720535	-1
4665	410.83334	487.9	5.8333335	406.7001	492.29987	10.5	3	6.0367659293226	-1
4695	402.73752	489.0	8.75	406.7001	492.29987	10.5	8	5.156665320720535	-1
4725	410.83334	487.9	5.8333335	406.7001	492.29987	10.5	3	6.0367659293226	-1
4755	402.73752	489.0	8.75	406.7001	492.29987	10.5	8	5.156665320720535	-1
4785	410.83334	487.9	5.8333335	406.7001	492.29987	10.5	3	6.0367659293226	-1
4815	402.73752	489.0	8.75	406.7001	492.29987	10.5	8	5.156665320720535	-1
4845	410.83334	487.9	5.8333335	406.7001	492.29987	10.5	3	6.0367659293226	-1
4875	402.73752	489.0	8.75	406.7001	492.29987	10.5	8	5.156665320720535	-1
4905	410.83334	487.9	5.8333335	406.7001	492.29987	10.5	3	6.0367659293226	-1
4935	402.73752	489.0	8.75	406.7001	492.29987	10.5	8	5.156665320720535	-1
4965	410.83334	487.9	5.8333335	406.7001	492.29987	10.5	3	6.0367659293226	-1
4995	402.73752	489.0	8.75	406.7001	492.29987	10.5	8	5.156665320720535	-1
5025	410.83334	487.9	5.8333335	406.7001	492.29987	10.5	3	6.0367659293226	-1
5055	402.73752	489.0	8.75	406.7001	492.29987	10.5	8	5.156665320720535	-1
5085	410.83334	487.9	5.8333335	406.7001	492.29987	10.5	3	6.0367659293226	-1
5115	402.73752	489.0	8.75	406.7001	492.29987	10.5	8	5.156665320720535	-1
5145	410.83334	487.9	5.8333335	406.7001	492.29987	10.5	3	6.0367659293226	-1
5175	402.73752	489.0	8.75	406.7001	492.29987	10.5	8	5.156665320720535	-1
5205	410.83334	487.9	5.8333335	406.7001	492.29987	10.5	3	6.0367659293226	-1
5235	402.73752	489.0	8.75	406.7001	492.29987	10.5	8	5.156665320720535	-1
5265	410.83334	487.9	5.8333335	406.7001	492.29987	10.5	3	6.0367659293226	-1
5295	402.73752	489.0	8.75	406.7001	492.29987	10.5	8	5.156665320720535	-1
5325	410.83334	487.9	5.8333335	406.7001	492.29987	10.5	3	6.0367659293226	-1
5355	402.73752	489.0	8.75	406.7001	492.29987	10.5	8	5.156665320720535	-1
5385	410.83334	487.9	5.8333335	406.7001	492.29987	10.5	3	6.0367659293226	-1
5415	402.73752	489.0	8.75	406.7001	492.29987	10.5	8	5.156665320720535	-1
5445	410.83334	487.9	5.8333335	406.7001	492.29987	10.5	3	6.0367659293226	-1
5475	402.73752	489.0	8.75	406.7001	492.29987	10.5	8	5.156665320720535	-1
5505	410.83334	487.9	5.8333335	406.7001	492.29987	10.5	3	6.0367659293226	-1
5535	402.73752	489.0	8.75	406.7001	492.29987	10.5	8	5.156665320720535	-1
5565	410.83334	487.9	5.8333335	406.7001	492.29987	10.5	3	6.0367659293226	-1
5595	402.73752	489.0	8.75	406.7001	492.29987	10.5	8	5.156665320720535	-1
5625	410.83334	487.9	5.8333335	406.7001	492.29987	10.5	3	6.0367659293226	-1
5655	402.73752	489.0	8.75	406.7001	492.29987	10.5	8	5.156665320720535	-1
5685	410.83334	487.9	5.8333335	406.7001	492.29987	10.5	3	6.0367659293226	-1
5715	402.73752	489.0	8.75	406.7001	492.29987	10.5	8	5.156665320720535	-1
5745	410.83334	487.9	5.8333335	406.7001	492.29987	10.5	3	6.0367659293226	-1
5775	402.73752	489.0	8.75	406.7001	492.29987	10.5	8	5.156665320720535	-1
5805	410.83334	487.9	5.8333335	406.7001	492.29987	10.5	3	6.0367659293226	-1
5835	402.73752	489.0	8.75	406.7001	492.29987	10.5	8	5.156665320720535	-1
5865	410.83334	487.9	5.8333335	406.7001	492.29987	10.5	3	6.0367659293226	-1
5895	402.73752	489.0	8.75	406.7001	492.29987	10.5	8	5.156665320720535	-1
5925	410.83334	487.9	5.8333335	406.7001	492.29987	10.5	3	6.0367659293226	-1
5955	402.73752	489.0	8.75	406.7001	492.29987	10.5	8	5.156665320720535	-1
5985	410.83334	487.9	5.8333335	406.7001	492.29987	10.5	3	6.0367659293226	-1
6015	402.73752	489.0	8.75	406.7001	492.29987	10.5	8	5.156665320720535	-1
6045	410.83334	487.9	5.8333335	406.7001	492.29987	10.5	3	6.0367659293226	-1
6075	402.73752	489.0	8.75	406.7001	492.29987	10.5	8	5.156665320720535	-1
6105	410.83334	487.9	5.8333335	406.7001	492.29987	10.5	3	6.0367659293226	-1
6135	402.73752	489.0	8.75	406.7001	492.29987	10.5	8	5.156665320720535	-1
6165	410.83334	487.9	5.8333335	406.7001	492.29987	10.5	3	6.0367659293226	-1
6195	402.73752	489.0	8.75	406.7001	492.29987	10.5	8	5.156665320720535	-1
6225	410.83334	487.9	5.8333335	406.7001	492.29987	10.5	3	6.0367659293226	-1
6255	402.73752	489.0	8.75	406.7001	492.29987	10.5	8	5.156665320720535	-1
6285	410.83334	487.9	5.8333335	406.7001	492.29987	10.5	3	6.0367659293226	-1
6315	402.73752	489.0	8.75	406.7001	492.29987	10.5	8	5.156665320720535	-1
6345	410.83334	487.9	5.8333335	406.7001	492.29987	10.5	3	6.0367659293226	-1
6375	402.73752	489.0	8.75	406.7001	492.29987	10.5	8	5.156665320720535	-1
6405	410.83334	487.9	5.8333335	406.7001	492.29987	10.5	3	6.0367659293226	-1
6435	402.73752	489.0	8.75	406.7001	492.29987	10.5	8	5.156665320720535	-1
6465	410.83334	487.9	5.8333335	406.7001	492.29987	10.5	3	6.0367659293226	-1
6495	402.73752	489.0	8.75	406.7001	492.29987	10.5	8	5.156665320720535	-1
6525	410.83334	487.9	5.8333335	406.7001	492.29987	10.5	3	6.0367659293226	-1
6555	402.73752	489.0	8.75	406.7001	492.29987	10.5	8	5.156665320720535	-1
6585	410.83334	487.9	5.8333335	406.7001	492.29987	10.5	3	6.0367659293226	-1
6615	402.73752	489.0	8.75	406.7001	492.29987	10.5	8	5.156665320720535	-1
6645	410.83334	487.9	5.8333335	406.7001	492.29987	10.5	3	6.0367659293226	-1
6675	402.73752	489.0	8.75	406.7001	492.29987	10.5	8	5.156665320720535	-1
6705	410.83334	487.9	5.8333335	406.7001	492.29987	10.5	3	6.0367659293226	-1
6735	402.73752	489.0	8.75	406.7001	492.29987	10.5	8	5.156665320720535	-1
6765	410.83334	487.9	5.8333335	406.7001	492.29987	10.5	3	6.0367659293226	-1
6795	402.73752	489.0	8.75	406.7001	492.29987	10.5	8	5.156665320720535	-1
6825	410.83334	487.9	5.8333335	406.7001	492.29987	10.5	3	6.0367659293226	-1
6855	402.73752	489.0	8.75	406.7001	492.29987	10.5	8	5.156665320720535	-1
6885	410.83334	487.9	5.8333335	406.7001	492.29987	10.5	3	6.0367659293226	-1
6915	402.73752	489.0	8.75	406.7001	492.29987	10.5	8	5.156665320720535	-1
6945	410.83334	487.9	5.8333335	406.7001	492.29987	10.5	3	6.0367659293226	-1
6975	402.73752	489.0	8.75	406.7001	492.29987	10.5	8	5.156665320720535	-1
7005	410.83334	487.9	5.8333335	406.7001	492.29987	10.5	3	6.0367659293226	-1
7035	402.73752	489.0	8.75	406.7001	492.29987	10.5	8	5.156665320720535	-1
7065	410.83334	487.9	5.8333335	406.7001	492.29987	10.5	3	6.0367659293226	-1
7095	402.73752	489.0	8.75	406.7001	492.29987	10.5	8	5.156665320720535	-1
7125	410.83334	487.9	5.8333335	406.7001	492.29987	10.5	3	6.0367659293226	-1
7155	402.73752	489.0	8.75	406.7001	492.29987	10.5	8	5.156665320720535	-1
7185	410.83334	487.9	5.8333335	406.7001	492.29987	10.5	3	6.0367659293226	-1
7215	402.73752	489.0	8.75	406.7001	492.29987	10.5	8	5.156665320720535	-1
7245	410.83334	487.9	5.8333335	406.7001	492.29987	10.5	3	6.0367659293226	-1
7275	402.73752	489.0	8.75	406.7001	492.29987	10.5	8	5.156665320720535	-1
7305	410.83334	487.9	5.8333335	406.7001	492.29987	10.5	3	6.0367659293226	-1
7335	402.73752	489.0	8.75	406.7001	492.29987	10.5	8	5.156665320720535	-1
7365	410.83334	487.9	5.8333335	406.7001	492.29987	10.5	3	6.0367659293226	-1
7395	402.73752	489.0	8.75	406.7001	492.29987	10.5	8	5.156665320720535	-1
7425	410.83334	487.9	5.8333335	406.7001	492.29987	10.5	3	6.0367659293226	-1
7455	402.73752	489.0	8.75	406.7001	492.29987	10.5	8	5.156665320720535	-1
7485	410.83334	487.9	5.8333335	406.7001	492.29987	10.5	3	6.0367659293226	-1
7515	402.73752	489.0	8.75	406.7001	492.29987	10.5	8	5.156665320720535	-1
7545	410.83334	487.9	5.8333335	406.7001	492.29987	10.5	3	6.0367659293226	-1
7575	402.73752	489.0	8.75	406.7001	492.29987	10.5	8	5.156665320720535	-1
7605	410.83334	487.9	5.8333335	406.7001	492.29987	10.5	3	6.0367659293226	-1
7635	402.73752	489.0	8.75	406.7001	492.29987	10.5	8	5.156665320720535	-1
7665	410.83334	487.9	5.8333335	406.7001	492.29987	10.5	3	6.0367659293226	-1
7695	402.73752	489.0	8.75	406.7001	492.29987	10.5	8	5.156665320720535	-1
7725	410.83334	487.9	5.8333335	406.7001	492.29987	10.5	3	6.0367659293226	-1
7755	402.73752	489.0	8.75	406.7001	492.29987	10.5	8	5.156665320720535	-1
7785	410.83334	487.9	5.8333335	406.7001	492.29987	10.5	3	6.0367659293226	-1
7815	402.73752	489.0	8.75	406.7001	492.29987	10.5	8	5.156665320720535	-1
7845	410.83334	487.9	5.8333335	406.7001	492.29987	10.5	3	6.0367659293226	-1
7875	402.73752	489.0	8.75	406.7001	492.29987	10.5	8	5.156665320720535	-1
7905	410.83334	487.9	5.8333335	406.7001	492.29987	10.5	3	6.0367659293226	-1
7935	402.73752	489.0	8.75	406.7001	492.29987	10.5	8	5.156665320720535	-1
7965	410.83334	487.9	5.8333335	406.7001	492.29987	10.5	3	6.0367659293226	-1
7995	402.73752	489.0	8.75	406.7001	492.29987	10.5	8	5.156665320720535	-1
8025	410.83334	487.9	5.8333335	406.7001	492.29987	10.5	3	6.0367659293226	-1
8055	402.73752	489.0	8.75	406.7001	492.29987	10.5	8	5.156665320720535	-1
8085	410.83334	487.9	5.8333335	406.7001	492.29987	10.5	3	6.0367659293226	-1
8115	402.73752	489.0	8.75	406.7001	492.29987	10.5	8	5.156665320720535	-1
8145	410.83334	487.9	5.8333335	406.7001	492.29987	10.5	3	6.0367659293226	-1
8175	402.73752	489.0	8.75	406.7001	492.29987	10.5	8	5.156665320720535	-1
8205	410.83334	487.9	5.8333335	406.7001	492.29987	10.5	3	6.0367659293226	-1
8235	402.73752	489.0	8.75	406.7001	492.29987	10.5	8	5.156665320720535	-1
8265	410.83334	487.9	5.8333335	406.7001	492.29987	10.5	3	6.0367659293226	-1
8295	402.73752	489.0	8.75	406.7001	492.29987	10.5	8	5.156665320720535	-1
8325	410.83334	487.9	5.8333335	406.7001	492.29987	10.5	3	6.0367659293226	-1
8355	402.73752	489.0	8.75	406.7001	492.29987	10.5	8	5.156665320720535	-1
8385	410.83334	487.9	5.8333335	406.7001	492.29987	10.5	3	6.0367659293226	-1
8415	402.73752	489.0	8.75	406.7001	492.29987	10.5	8	5.156665320720535	-1
8445	410.83334	487.9	5.8333335	406.7001	492.29987	10.5	3	6.0367659293226	-1
8475	402.73752	489.0	8.75	406.7001	492.29987	10.5	8	5.156665320720535	-1
8505	410.83334	487.9	5.8333335	406.7001	492.29987	10.5	3	6.0367659293226	-1
8535	402.73752	489.0	8.75	406.7001	492.29987	10.5	8	5.156665320720535	-1
8565	410.83334	487.9	5.8333335	406.7001	492.29987	10.5	3	6.0367659293226	-1
8595	402.73752	489.0	8.75	406.7001	492.29987	10.5	8	5.156665320720535	-1
8625	410.83334	487.9	5.8333335	406.7001	492.29987	10.5	3	6.0367659293226	-1
8655	402.73752	489.0	8.75	406.7001	492.29987	10.5	8	5.156665320720535	-1
8685	410.83334	487.9	5.8333335	406.7001	492.29987	10.5	3	6.0367659293226	-1
8715	402.73752	489.0	8.75	406.7001	492.29987	10.5	8	5.156665320720535	-1
8745	410.83334	487.9	5.8333335	406.7001	492.29987	10.5	3	6.0367659293226	-1
8775	402.73752	489.0	8.75	406.7001	492.29987	10.5	8	5.156665320720535	-1
8805	410.83334	487.9	5.8333335	406.7001	492.29987	10.5	3	6.0367659293226	-1
8835	402.73752	489.0	8.75	406.7001	492.29987	10.5	8	5.156665320720535	-1
8865	410.83334	487.9	5.8333335	406.7001	492.29987	10.5	3	6.0367659293226	-1
8895	402.73752	489.0	8.75	406.7001	492.29987	10.5	8	5.156665320720535	-1
8925	410.83334	487.9	5.8333335	406.7001	492.29987	10.5	3	6.0367659293226	-1
8955	402.73752	489.0	8.75	406.7001	492.29987	10.5	8	5.156665320720535	-1
8985	410.83334	487.9	5.8333335	406.7001	492.29987	10.5	3	6.0367659293226	-1
9015	402.73752	489.0	8.75	406.7001	492.29987	10.5	8	5.156665320720535	-1
9045	410.83334	487.9	5.8333335	406.7001	492.29987	10.5	3	6.0367659293226	-1
9075	402.73752	489.0	8.75	406.7001	492.29987	10.5	8	5.156665320720535	-1
9105	410.83334	487.9	5.8333335	406.7001	492.29987	10.5	3	6.0367659293226	-1
9135	402.73752	489.0	8.75	406.7001	492.29987	10.5	8	5.156665320720535	-1
9165	410.83334	487.9	5.8333335	406.7001	492.29987	10.5	3	6.0367659293226	-1
9195	402.73752	489.0	8.75	406.7001	492.29987	10.5	8	5.156665320720535	-1
9225	410.83334	487.9	5.8333335	406.7001	492.29987	10.5	3	6.0367659293226	-1
9255	402.73752	489.0	8.75	406.7001	492.29987	10.5	8	5.156665320720535	-1
9285	410.83334	487.9	5.8333335	406.7001	492.29987	10.5	3	6.0367659293226	-1
9315	402.73752	489.0	8.75	406.7001	492.29987	10.5	8	5.156665320720535	-1
9345	410.83334	487.9	5.8333335	406.7001	492.29987	10.5	3	6.0367659293226	-1
9375	402.73752	489.0	8.75	406.7001	492.29987	10.5	8	5.156665320720535	-1
9405	410.83334	487.9	5.8333335	406.7001	492.29987	10.5	3	6.0367659293226	-1
9435	402.73752	489.0	8.75	406.7001	492.29987	10.5	8	5.156665320720535	-1
9465	410.83334	487.9	5.8333335	406.7001	492.29987	10.5	3	6.0367659293226	-1
9495	402.73752	489.0	8.75	406.7001	492.29987	10.5	8	5.156665320720535	-1
9525	410.83334	487.9	5.8333335	406.7001	492.29987	10.5	3	6.0367659293226	-1
9555	402.73752	489.0	8.75	406.7001	492.29987	10.5	8	5.156665320720535	-1
9585	410.83334	487.9	5.8333335	406.7001	492.29987	10.5	3	6.0367659293226	-1
9615	402.73752	489.0	8.75	406.7001	492.29987	10.5	8	5.156665320720535	-1
9645	410.83334	487.9	5.8333335	406.7001	492.29987	10.5	3	6.0367659293226	-1
9675	402.73752	489.0	8.75	406.7001	492.29987	10.5	8	5.156665320720535	-1
9705	410.83334	487.9	5.8333335	406.7001	492.29987	10.5	3	6.0367659293226	-1
9735	402.73752	489.0	8.75	406.7001	492.29987	10.5	8	5.156665320720535	-1
9765	410.83334	487.9	5.8333335	406.7001	492.29987	10.5	3	6.0367659293226	-1
9795	402.73752	489.0	8.75	406.7001	492.29987	10.5	8	5.156665320720535	-1
9825	410.83334	487.9	5.8333335	406.7001	492.29987	10.5	3	6.0367659293226	-1
9855	402.73752	489.0	8.75	406.7001	492.29987	10.5	8	5.156665320720535	-1
9885	410.83334	487.9	5.8333335	406.7001	492.29987	10.5	3	6.0367659293226	-1
9915	402.73752	489.0	8.75	406.7001	492.29987	10.5	8	5.156665320720535	-1
9945	410.83334	487.9	5.8333335	406.7001	492.29987	10.5	3	6.0367659293226	-1
9975	402.73752	489.0	8.75	406.7001	492.29987	10.5	8	5.156665320720535	-1
10005	410.83334	487.9	5.8333335	406.7001	492.29987	10.5	3	6.0367659293226	-1
10035	402.73752	489.0	8.75	406.7001	492.29987	10.5	8	5.156665320720535	-1
10065	410.83334	487.9	5.8333335	406.7001	492.29987	10.5	3	6.0367659293226	-1
10095	402.73752	489.0	8.75	406.7001	492.29987	10.5	8	5.156665320720535	-1
10125	410.83334	487.9	5.8333335	406.7001	492.29987	10.5	3	6.0367659293226	-1
10155	402.73752	489.0	8.75	406.7001	492.29987	10.5	8	5.156665320720535	-1
10185	410.83334	487.9	5.8333335	406.7001	492.29987	10.5	3	6.0367659293226	-1
10215	402.73752	489.0	8.75	406.7001	492.29987	10.5	8	5.156665320720535	-1
10245	410.83334	487.9	5.8333335	406.7001	492.29987	10.5	3	6.0367659293226	-1
10275	402.73752	489.0	8.75	406.7001	492.29987	10.5	8	5.156665320720535	-1
10305	410.83334	487.9	5.8333335	406.7001	492.29987	10.5	3	6.0367659293226	-1
10335	402.73752	489.0	8.75	406.7001	492.29987	10.5	8	5.156665320720535	-1
10365	410.83334	487.9	5.8333335	406.7001	492.29987	10.5	3	6.0367659293226	-1
10395	402.73752	489.0	8.75	406.7001	492.29987	10.5	8	5.156665320720535	-1
10425	410.83334	487.9	5.8333335	406.7001	492.29987	10.5	3	6.0367659293226	-1
10455	402.73752	489.0	8.75	406.7001	492.29987	10.5	8	5.156665320720535	-1
10485	410.83334	487.9	5.8333335	406.7001	492.29987	10.5	3	6.0367659293226	-1
10515	402.73752	489.0	8.75	406.7001	492.29987	10.5	8	5.156665320720535	-1
10545	410.83334	487.9	5.8333335	406.7001	492.29987	10.5	3	6.0367659293226	-1
10575	402.73752	489.0	8.75	406.7001	492.29987	10.5	8	5.156665320720535	-1
10605	410.83334	487.9	5.8333335	406.7001	492.29987	10.5	3	6.0367659293226	-1
10635	402.73752	489.0	8.75	406.7001	492.29987	10.5	8	5.156665320720535	-1
10665	410.83334	487.9	5.8333335	406.7001	492.29987	10.5	3	6.0367659293226	-1
10695	402.73752	489.0	8.75	406.7001	492.29987	10.5	8	5.156665320720535	-1
10725	410.83334	487.9	5.8333335	406.7001	492.29987	10.5	3	6.0367659293226	-1
10755	402.73752	489.0	8.75	406.7001	492.29987	10.5	8	5.156665320720535	-1
10785	410.83334	487.9	5.8333335	406.7001	492.29987	10.5	3	6.0367659293226	-1
10815	402.73752	489.0	8.75	406.7001	492.29987	10.5	8	5.156665320720535	-1
10845	410.83334	487.9	5.8333335	406.7001	492.29987	10.5	3	6.0367659293226	-1
10875	402.73752	489.0	8.75	406.7001	492.29987	10.5	8	5.156665320720535	-1
10905	410.83334	487.9	5.8333335	406.7001	492.29987	10.5	3	6.0367659293226	-1
10935	402.73752	489.0	8.75	406.7001	492.29987	10.5	8	5.156665320720535	-1
10965	410.83334	487.9	5.8333335	406.7001	492.29987	10.5	3	6.0367659293226	-1
10995	402.73752	489.0	8.75	406.7001	492.29987	10.5	8	5.156665320720535	-1
11025	410.83334	487.9	5.8333335	406.7001	492.29987	10.5	3	6.0367659293226	-1
11055	402.73752	489.0	8.75	406.7001	492.29987	10.5	8	5.156665320720535	-1
11085	410.83334	487.9	5.8333335	406.7001	492.29987	10.5	3	6.0367659293226	-1
11115	402.73752	489.0	8.75	406.7001	492.29987	10.5	8	5.156665320720535	-1
11145	410.83334	487.9	5.8333335	406.7001	492.29987	10.5	3	6.0367659293226	-1
11175	402.73752	489.0	8.75	406.7001	492.29987	10.5	8	5.156665320720535	-1
11205	410.83334	487.9	5.8333335	406.7001	492.29987	10.5	3	6.0367659293226	-1
11235	402.73752	489.0	8.75	406.7001	492.29987	10.5	8	5.156665320720535	-1
11265	410.83334	487.9	5.8333335	406.7001	492.29987	10.5	3	6.0367659293226	-1
11295	402.73752	489.0	8.75	406.7001	492.29987	10.5	8	5.156665320720535	-1
11325	410.83334	487.9	5.8333335	406.7001	492.29987	10.5	3	6.0367659293226	-1
11355	402.73752	489.0	8.75	406.7001	492.29987	10.5	8	5.156665320720535	-1
11385	410.83334	487.9	5.8333335	406.7001	492.29987	10.5	3	6.0367659293226	-1
11415	402.73752	489.0	8.75	406.7001	492.29987	10.5	8	5.156665320720535	-1
11445	410.83334	487.9	5.8333335	406.7001	492.29987	10.5	3	6.0367659293226	-1
11475	402.73752	489.0	8.75	406.7001	492.29987	10.5	8	5.156665320720535	-1
11505	410.83334	487.9	5.8333335	406.7001	492.29987	10.5	3	6.0367659293226	-1
11535	402.73752	489.0	8.75	406.7001	492.29987	10.5	8	5.156665320720535	-1
11565	410.83334	487.9	5.8333335	406.7001	492.29987	10.5	3	6.0367659293226	-1
11595	402.73752	489.0	8.75	406.7001	492.29987	10.5	8	5.156665320720535	-1
11625	410.83334	487.9	5.8333335	406.7001	492.29987	10.5	3	6.0367659293226	-1
11655	402.73752	489.0	8.75	406.7001	492.29987	10.5	8	5.156665320720535	-1
11685	410.83334	487.9	5.8333335	406.7001	492.29987	10.5	3	6.0367659293226	-1
11715	402.73752	489.0	8.75	406.7001	492.29987	10.5	8	5.156665320720535	-1
11745	410.83334	487.9	5.8333335	406.7001	492.29987	10.5	3	6.0367659293226	-1
11775	402.73752	489.0	8.75	406.7001	492.29987	10.5	8	5.156665320720535	-1
11805	410.83334	487.9	5.8333335	406.7001	492.29987	10.5	3	6.0367659293226	-1
11835	402.73752	489.0	8.75	406.7001	492.29987	10.5	8	5.156665320720535	-1
11865	410.83334	487.9	5.8333335	406.7001	492.29987	10.5	3	6.0367659293226	-1
11895	402.73752	489.0	8.75	406.7001	492.29987	10.5	8	5.156665320720535	-1
11925	410.83334	487.9	5.8333335	406.7001	492.29987	10.5	3	6.0367659293226	-1
11955	402.73752	489.0	8.75	406.7001	492.29987	10.5	8	5.156665320720535	-1
11985	410.83334	487.9	5.8333335	406.7001	492.29987	10.5	3	6.0367659293226	-1
12015	402.73752	489.0	8.75	406.7001	492.29987	10.5	8	5.156665320720535	-1
12045	410.83334	487.9	5.8333335	406.7001	492.29987	10.5	3	6.0367659293226	-1
12075	402.73752	489.0	8.75	406.7001	492.29987	10.5	8	5.156665320720535	-1
12105	410.83334	487.9	5.8333335	406.7001	492.29987	10.5	3	6.0367659293226	-1
12135	402.73752	489.0	8.75	406.7001	492.29987	10.5	8	5.156665320720535	-1
12165	410.83334	487.9	5.8333335	406.7001	492.29987	10.5	3	6.0367659293226	-1
12195	402.73752	489.0	8.75	406.7001	492.29987	10.5	8	5.156665320720535	-1
12225	410.83334	487.9	5.8333335	406.7001	492.29987	10.5	3	6.0367659293226	-1
12255	402.73752	489.0	8.75	406.7001	492.29987	10.5	8	5.156665320720535	-1
12285	410.83334	487.9	5.8333335	406.7001	492.29987	10.5	3	6.0367659293226	-1
12315	402.73752	489.0	8.75	406.7001	492.29987	10.5	8	5.156665320720535	-1
12345	410.83334	487.9	5.8333335	406.7001	492.29987	10.5	3	6.0367659293226	-1
12375	402.73752	489.0	8.75	406.7001	492.29987	10.5	8	5.156665320720535	-1
12405	410.83334	487.9	5.8333335	406.7001	492.29987	10.5	3	6.0367659293226	-1
12435	402.73752	489.0	8.75	406.7001	492.29987	10.5	8	5.156665320720535	-1
12465	410.83334	487.9	5.8333335	406.7001	492.29987	10.5	3	6.0367659293226	-1
12495	402.73752	489.0	8.75	406.7001	492.29987	10.5	8	5.156665320720535	-1
12525	410.83334	487.9	5.8333335	406.7001	492.29987	10.5	3	6.0367659293226	-1
12555	402.73752	489.0	8.75	406.7001	492.29987	10.5	8	5.156665320720535	-1
12585	410.83334	487.9	5.8333335	406.7001	492.29987	10.5	3	6.0367659293226	-1
12615	402.73752	489.0	8.75	406.7001	492.29987	10.5	8	5.156665320720535	-1
12645	410.83334	487.9	5.8333335	406.7001	492.29987	10.5	3	6.0367659293226	-1
12675	402.73752	489.0	8.75	406.7001	492.29987	10.5	8	5.156665320720535	-1
12705	410.83334	487.9	5.8333335	406.7001	492.29987	10.5	3	6.0367659293226	-1
12735	402.73752	489.0	8.75	406.7001	492.29987	10.5	8	5.156665320720535	-1
12765	410.83334	487.9	5.8333335	406.7001	492.29987	10.5	3	6.0367659293226	-1
12795	402.73752	489.0	8.75	406.7001	492.29987	10.5	8	5.156665320720535	-1
12825	410.83334	487.9	5.8333335	406.7001	492.29987	10.5	3	6.0367659293226	-1
12855	402.73752	489.0	8.75	406.7001	492.29987	10.5	8	5.156665320720535	-1
12885	410.83334	487.9	5.8333335	406.7001	492.29987	10.5	3	6.0367659293226	-1
12915	402.73752	489.0	8.75	406.7001	492.29987	10.5	8	5.156665320720535	-1
12945	410.83334	487.9	5.8333335	406.7001	492.29987	10.5	3	6.0367659293226	-1
12975	402.73752	489.0	8.75	406.7001	492.29987	10.5	8	5.156665320720535	-1
13005	410.83334	487.9	5.8333335	406.7001	492.29987	10.5	3	6.0367659293226	-1
13035	402.73752	489.0	8.75	406.7001	492.29987	10.5	8	5.156665320720535	-1
13065	410.83334	487.9	5.8333335	406.7001	492.29987	10.5	3	6.0367659293226	-1
13095	402.73752	489.0	8.75	406.7001	492.29987	10.5	8	5.156665320720535	-1
13125	410.83334	487.9	5.8333335	406.7001	492.29987	10.5	3	6.0367659293226	-1
13155	402.73752	489.0	8.75	406.7001	492.29987	10.5	8	5.156665320720535	-1
13185	410.83334	487.9	5.8333335	406.7001	492.29987	10.5	3	6.0367659293226	-1
13215	402.73752	489.0	8.75	406.7001	492.29987	10.5	8	5.156665320720535	-1
13245	410.83334	487.9	5.8333335	406.7001	492.29987	10.5	3	6.0367659293226	-1
13275	402.73752	489.0	8.75	406.7001	492.29987	10.5	8	5.156665320720535	-1
13305	410.83334	487.9	5.8333335	406.7001	492.29987	10.5	3	6.0367659293226	-1
13335	402.73752	489.0	8.75	406.7001	492.29987	10.5	8	5.156665320720535	-1
13365	410.83334	487.9	5.8333335	406.7001	492.29987	10.5	3	6.0367659293226	-1
13395	402.73752	489.0	8.75	406.7001	492.29987	10.5	8	5.156665320720535	-1
13425	410.83334	487.9	5.8333335	406.7001	492.29987	10.5	3	6.0367659293226	-1
13455	402.73752	489.0	8.75	406.7001	492.29987	10.5	8	5.156665320720535	-1
13485	410.83334	487.9	5.8333335	406.7001	492.29987	10.5	3	6.0367659293226	-1
13515	402.73752	489.0	8.75	406.7001	492.29987	10.5	8	5.156665320720535	-1
13545	410.83334	487.9	5.8333335	406.7001	492.29987	10.5	3	6.0367659293226	-1
13575	402.73752	489.0	8.75	406.7001	492.29987	10.5	8	5.156665320720535	-1
13605	410.83334	487.9	5.8333335	406.7001	492.29987	10.5	3	6.0367659293226	-1
13635	402.73752	489.0	8.75	406.7001	492.29987	10.5	8	5.156665320720535	-1
13665	410.83334	487.9	5.8333335	406.7001	492.29987	10.5	3	6.0367659293226	-1
13695	402.73752	489.0	8.75	406.7001	492.29987	10.5	8	5.156665320720535	-1
13725	410.83334	487.9	5.8333335	406.7001	492.29987	10.5	3	6.0367659293226	-1
13755	402.73752	489.0	8.75	406.7001	492.29987	10.5	8	5.156665320720535	-1
13785	410.83334	487.9	5.8333335	406.7001	492.29987	10.5	3	6.0367659293226	-1
13815	402.73752	489.0	8.75	406.7001	492.29987	10.5	8	5.156665320720535	-1
13845	410.83334	487.9	5.8333335	406.7001	492.29987	10.5	3	6.0367659293226	-1
13875	402.73752	489.0	8.75	406.7001	492.29987	10.5	8	5.156665320720535	-1
13905	410.83334	487.9	5.8333335	406.7001	492.29987	10.5	3	6.0367659293226	-1
13935	402.73752	489.0	8.75	406.7001	492.29987	10.5	8	5.156665320720535	-1
13965	410.83334	487.9	5.8333335	406.7001	492.29987	10.5	3	6.0367659293226	-1
13995	402.73752	489.0	8.75	406.7001	492.29987	10.5	8	5.156665320720535	-1
14025	410.83334	487.9	5.8333335	406.7001	492.29987	10.5	3	6.0367659293226	-1
14055	402.73752	489.0	8.75	406.7001	492.29987	10.5	8	5.156665320720535	-1
14085	410.83334	487.9	5.8333335	406.7001	492.29987	10.5	3	6.0367659293226	-1
14115	402.73752	489.0	8.75	406.7001	492.29987	10.5	8	5.156665320720535	-1
14145	410.83334	487.9	5.8333335	406.7001	492.29987	10.5	3	6.0367659293226	-1
14175	402.73752	489.0	8.75	406.7001	492.29987	10.5	8	5.156665320720535	-1
14205	410.83334	487.9	5.8333335	406.7001	492.29987	10.5	3	6.0367659293226	-1
14235	402.73752	489.0	8.75	406.7001	492.29987	10.5	8	5.156665320720535	-1
14265	410.83334	487.9	5.8333335	406.7001	492.29987	10.5	3	6.0367659293226	-1
14295	402.73752	489.0	8.75	406.7001	492.29987	10.5	8	5.156665320720535	-1
14325	410.83334	487.9	5.8333335	406.7001	492.29987	10.5	3	6.0367659293226	-1
14355	402.73752	489.0	8.75	406.7001	492.29987	10.5	8	5.156665320720535	-1
14385	410.83334	487.9	5.8333335	406.7001	492.29987	10.5	3	6.0367659293226	-1
14415	402.73752	489.0	8.75	406.7001	492.29987	10.5	8	5.156665320720535	-1
14445	410.83334	487.9	5.8333335	406.7001	492.29987	10.5	3	6.0367659293226	-1
14475	402.73752	489.0	8.75	406.7001	492.29987	10.5	8	5.156665320720535	-1
14505	410.83334	487.9	5.8333335	406.7001	492.29987	10.5	3	6.0367659293226	-1
14535	402.73752	489.0	8.75	406.7001	492.29987	10.5	8	5.156665320720535	-1
14565	410.83334	487.9	5.8333335	406.7001	492.29987	10.5	3	6.0367659293226	-1
14595	402.73752	489.0	8.75	406.7001	492.29987	10.5	8	5.156665320720535	-1
14625	410.83334	487.9	5.8333335	406.7001	492.29987	10.5	3	6.0367659293226	-1
14655	402.73752	489.0	8.75	406.7001	492.29987	10.5	8	5.156665320720535	-1
14685	410.83334	487.9	5.8333335	406.7001	492.29987	10.5	3	6.0367659293226	-1
14715	402.73752	489.0	8.75	406.7001	492.29987	10.5	8	5.156665320720535	-1
14745	410.83334	487.9	5.8333335	406.7001	492.29987	10.5	3	6.0367659293226	-1
14775	402.73752	489.0	8.75	406.7001	492.29987	10.5	8	5.156665320720535	-1
14805	410.83334	487.9	5.8333335	406.7001	492.29987	10.5	3	6.0367659293226	-1
14835	402.73752	489.0	8.75	406.7001	492.29987	10.5	8	5.156665320720535	-1
14865	410.83334	487.9	5.8333335	406.7001	492.29987	10.5	3	6.0367659293226	-1
14895	402.73752	489.0	8.75	406.7001	492.29987	10.5	8	5.156665320720535	-1
14925	410.83334	487.9	5.8333335	406.7001	492.29987	10.5	3	6.0367659293226	-1
14955	402.73752	489.0	8.75	406.7001	492.29987	10.5	8	5.156665320720535	-1
14985	410.83334	487.9	5.8333335	406.7001	492.29987	10.5	3	6.0367659293226	-1
15015	402.73752	489.0	8.75	406.7001	492.29987	10.5	8	5.156665320720535	-1
15045	410.83334	487.9	5.8333335	406.7001	492.29987	10.5	3	6.0367659293226	-1
15075	402.73752	489.0	8.75	406.7001	492.29987	10.5	8	5.156665320720535	-1
15105	410.83334	487.9	5.8333335	406.7001	492.29987	10.5	3	6.0367659293226	-1
15135	402.73752	489.0	8.75	406.7001	492.29987	10.5	8	5.156665320720535	-1
15165	410.83334	487.9	5.8333335	406.7001	492.29987	10.5	3	6.0367659293226	-1
15195	402.73752	489.0	8.75	406.7001	492.29987	10.5	8	5.156665320720535	-1
15225	410.83334	487.9	5.8333335	406.7001	492.29987	10.5	3	6.0367659293226	-1
15255	402.73752	489.0	8.75	406.7001	492.29987	10.5	8	5.156665320720535	-1
15285	410.83334	487.9	5.8333335	406.7001	492.29987	10.5	3	6.0367659293226	-1
15315	402.73752	489.0	8.75	406.7001	492.29987	10.5	8	5.156665320720535	-1
15345	410.83334	487.9	5.8333335	406.7001	492.29987	10.5	3	6.0367659293226	-1
15375	402.73752	489.0	8.75	406.7001	492.29987	10.5	8	5.156665320720535	-1
15405	410.83334	487.9	5.8333335	406.7001	492.29987	10.5	3	6.0367659293226	-1
15435	402.73752	489.0	8.75	406.7001	492.29987	10.5	8	5.156665320720535	-1
15465	410.83334	487.9	5.8333335	406.7001	492.29987	10.5	3	6.0367659293226	-1
15495	402.73752	489.0	8.75	406.7001	492.29987	10.5	8	5.156665320720535	-1
15525	410.83334	487.9	5.8333335	406.7001	492.29987	10.5	3	6.0367659293226	-1
15555	402.73752	489.0	8.75	406.7001	492.29987	10.5	8	5.156665320720535	-1
15585	410.83334	487.9	5.8333335	406.7001	492.29987	10.5	3	6.0367659293226	-1
15615	402.73752	489.0	8.75	406.7001	492.29987	10.5	8	5.156665320720535	-1
15645	410.83334	487.9	5.8333335	406.7001	492.29987	10.5	3	6.0367659293226	-1
15675	402.73752	489.0	8.75	406.7001	492.29987	10.5	8	5.156665320720535	-1
15705	410.83334	487.9	5.8333335	406.7001	492.29987	10.5	3	6.0367659293226	-1
15735	402.73752	489.0	8.75	406.7001	492.29987	10.5	8	5.156665320720535	-1
15765	410.83334	487.9	5.8333335	406.7001	492.29987	10.5	3	6.0367659293226	-1
15795	402.73752	489.0	8.75	406.7001	492.29987	10.5	8	5.156665320720535	-1
15825	410.83334	487.9	5.8333335	406.7001	492.29987	10.5	3	6.0367659293226	-1
15855	402.73752	489.0	8.75	406.7001	492.29987	10.5	8	5.156665320720535	-1
15885	410.83334	487.9	5.8333335	406.7001	492.29987	10.5	3	6.0367659293226	-1
15915	402.73752	489.0	8.75	406.7001	492.29987	10.5	8	5.156665320720535	-1
15945	410.83334	487.9	5.8333335	406.7001	492.29987	10.5	3	6.0367659293226	-1
15975	402.73752	489.0	8.75	406.7001	492.29987	10.5	8	5.156665320720535	-1
16005	410.83334	487.9	5.8333335	406.7001	492.29987	10.5	3	6.0367659293226	-1
16035	402.73752	489.0	8.75	406.7001	492.29987	10.5	8	5.156665320720535	-1
16065	410.83334	487.9	5.8333335	406.7001	492.29987	10.5	3	6.0367659293226	-1
16095	402.73752	489.0	8.75	406.7001	492.29987	10.5	8	5.156665320720535	-1
16125	410.83334	487.9	5.8333335	406.7001	492.29987	10.5	3	6.0367659293226	-1
16155	402.73752	489.0	8.75	406.7001	492.29987	10.5	8	5.156665320720535	-1
16185	410.83334	487.9	5.8333335	406.7001	492.29987	10.5	3	6.0367659293226	-1
16215	402.73752	489.0	8.75	406.7001	492.29987	10.5	8	5.156665320720535	-1
16245	410.83334	487.9	5.8333335	406.7001	492.29987	10.5	3	6.0367659293226	-1
16275	402.73752	489.0	8.75	406.7001	492.29987	10.5	8	5.156665320720535	-1
16305	410.83334	487.9	5.8333335	406.7001	492.29987	10.5	3	6.0367659293226	-1
16335	402.73752	489.0	8.75	406.7001	492.29987	10.5	8	5.156665320720535	-1
16365	410.83334	487.9	5.8333335	406.7001	492.29987	10.5	3	6.0367659293226	-1
16395	402.73752	489.0	8.75	406.7001	492.29987	10.5	8	5.156665320720535	-1
16425	410.83334	487.9	5.8333335	406.7001	492.29987	10.5	3	6.0367659293226	-1
16455	402.73752	489.0	8.75	406.7001	492.29987	10.5	8	5.156665320720535	-1
16485	410.83334	487.9	5.8333335	406.7001	492.29987	10.5	3	6.0367659293226	-1
16515	402.73752	489.0	8.75	406.7001	492.29987	10.5	8	5.156665320720535	-1
16545	410.83334	487.9	5.8333335	406.7001	492.29987	10.5	3	6.0367659293226	-1
16575	402.73752	489.0	8.75	406.7001	492.29987	10.5	8	5.156665320720535	-1
16605	410.83334	487.9	5.8333335	406.7001	492.29987	10.5	3	6.0367659293226	-1
16635	402.73752	489.0	8.75	406.7001	492.29987	10.5	8	5.156665320720535	-1
16665	410.83334	487.9	5.8333335	406.7001	492.29987	10.5	3	6.0367659293226	-1
16695	402.73752	489.0	8.75	406.7001	492.29987	10.5	8	5.156665320720535	-1
16725	410.83334	487.9	5.8333335	406.7001	492.29987	10.5	3	6.0367659293226	-1
16755	402.73752	489.0	8.75	406.7001	492.29987	10.5	8	5.156665320720535	-1
16785	410.83334	487.9	5.8333335	406.7001	492.29987	10.5	3	6.0367659293226	-1
16815	402.73752	489.0	8.75	406.7001	492.29987	10.5	8	5.156665320720535	-1
16845	410.83334	487.9	5.8333335	406.7001	492.29987	10.5	3	6.0367659293226	-1
16875	402.73752	489.0	8.75	406.7001	492.29987	10.5	8	5.156665320720535	-1
16905	410.83334	487.9	5.8333335	406.7001	492.29987	10.5	3	6.0367659293226	-1
16935	402.73752	489.0	8.75	406.7001	492.29987	10.5	8	5.156665320720535	-1
16965	410.83334	487.9	5.8333335	406.7001	492.29987	10.5	3	6.0367659293226	-1
16995	402.73752	489.0	8.75	406.7001	492.29987	10.5	8	5.156665320720535	-1
17025	410.83334	487.9	5.8333335	406.7001	492.29987	10.5	3	6.0367659293226	-1
17055	402.73752	489.0	8.75	406.7001	492.29987	10.5	8	5.156665320720535	-1
17085	410.83334	487.9	5.8333335	406.7001	492.29987	10.5	3	6.0367659293226	-1
17115	402.73752	489.0	8.75	406.7001	492.29987	10.5	8	5.156665320720535	-1
17145	410.83334	487.9	5.8333335	406.7001	492.29987	10.5	3	6.0367659293226	-1
17175	402.73752	489.0	8.75	406.7001	492.29987	10.5	8	5.156665320720535	-1
17205	410.83334	487.9	5.8333335	406.7001	492.29987	10.5	3	6.0367659293226	-1
17235	402.73752	489.0	8.75	406.7001	492.29987	10.5	8	5.156665320720535	-1
17265	410.83334	487.9	5.8333335	406.7001	492.29987	10.5	3	6.0367659293226	-1
17295	402.73752	489.0	8.75	406.7001	492.29987	10.5	8	5.156665320720535	-1
17325	410.83334	487.9	5.8333335	406.7001	492.29987	10.5	3	6.0367659293226	-1
17355	402.73752	489.0	8.75	406.7001	492.29987	10.5	8	5.156665320720535	-1
17385	410.83334	487.9	5.8333335	406.7001	492.29987	10.5	3	6.0367659293226	-1
17415	402.73752	489.0	8.75	406.7001	492.29987	10.5	8	5.156665320720535	-1
17445	410.83334	487.9	5.8333335	406.7001	492.29987	10.5	3	6.0367659293226	-1
17475	402.73752	489.0	8.75	406.7001	492.29987	10.5	8	5.156665320720535	-1
17505	410.83334	487.9	5.8333335	406.7001	492.29987	10.5	3	6.0367659293226	-1
17535	402.73752	489.0	8.75	406.7001	492.29987	10.5	8	5.156665320720535	-1
17565	410.83334	487.9	5.8333335	406.7001	492.29987	10.5	3	6.0367659293226	-1
17595	402.73752	489.0	8.75	406.7001	492.29987	10.5	8	5.156665320720535	-1
17625	410.83334	487.9	5.8333335	406.7001	492.29987	10.5	3	6.0367659293226	-1
17655	402.73752	489.0	8.75	406.7001	492.29987	10.5	8	5.156665320720535	-1
17685	410.83334	487.9	5.8333335	406.7001	492.29987	10.5	3	6.0367659293226	-1
17715	402.73752	489.0	8.75	406.7001	492.29987	10.5	8	5.156665320720535	-1
17745	410.83334	487.9	5.8333335	406.7001	492.29987	10.5	3	6.0367659293226	-1
17775	402.73752	489.0	8.75	406.7001	492.29987	10.5	8	5.156665320720535	-1
17805	410.83334	487.9	5.8333335	406.7001	492.29987	10.5	3	6.0367659293226	-1
17835	402.73752	489.0	8.75	406.7001	492.29987	10.5	8	5.156665320720535	-1
17865	410.83334	487.9	5.8333335	406.7001	492.29987	10.5	3	6.0367659293226	-1
17895	402.73752	489.0	8.75	406.7001	492.29987	10.5	8	5.156665320720535	-1
17925	410.83334	487.9	5.8333335	406.7001	492.29987	10.5	3	6.0367659293226	-1
17955	402.73752	489.0	8.75	406.7001	492.29987	10.5	8	5.156665320720535	-1
17985	410.83334	487.9	5.8333335	406.7001	492.29987	10.5	3	6.0367659293226	-1
18015	402.73752	489.0	8.75	406.7001	492.29987	10.5	8	5.156665320720535	-1
18045	410.83334	487.9	5.8333335	406.7001	492.29987	10.5	3	6.0367659293226	-1
18075	402.73752	489.0	8.75	406.7001	492.29987	10.5	8	5.156665320720535	-1
18105	410.83334	487.9	5.8333335	406.7001	492.29987	10.5	3	6.0367659293226	-1
18135	402.73752	489.0	8.75	406.7001	492.29987	10.5	8	5.156665320720535	-1
18165	410.83334	487.9	5.8333335	406.7001	492.29987	10.5	3	6.0367659293226	-1
18195	402.73752	489.0	8.75	406.7001	492.29987	10.5	8	5.156665320720535	-1
18225	410.83334	487.9	5.8333335	406.7001	492.29987	10.5	3	6.0367659293226	-1
18255	402.73752	489.0	8.75	406.7001	492.29987	10.5	8	5.156665320720535	-1
18285	410.83334	487.9	5.8333335	406.7001	492.29987	10.5	3	6.0367659293226	-1
18315	402.73752	489.0	8.75	406.7001	492.29987	10.5	8	5.156665320720535	-1
18345	410.83334	487.9	5.8333335	406.7001	492.29987	10.5	3	6.0367659293226	-1
18375	402.73752	489.0	8.75	406.7001	492.29987	10.5	8	5.156665320720535	-1
18405	410.83334	487.9	5.8333335	406.7001	492.29987	10.5	3	6.0367659293226	-1
18435	402.73752	489.0	8.75	406.7001	492.29987	10.5	8	5.156665320720535	-1
18465	410.83334	487.9	5.8333335	406.7001	492.29987	10.5	3	6.0367659293226	-1
18495	403.07144	489.47144	8.5	406.7001	492.29987	10.5	7	4.600783190206182	-1
18525	410.83334	487.9	5.8333335	406.7001	492.29987	10.5	3	6.0367659293226	-1
18555	403.07144	489.47144	8.5	406.7001	492.29987	10.5	7	4.600783190206182	-1
18585	410.83334	487.9	5.8333335	406.7001	492.29987	10.5	3	6.0367659293226	-1
18615	403.07144	489.47144	8.5	406.7001	492.29987	10.5	7	4.600783190206182	-1
18645	410.83334	487.9	5.8333335	406.7001	492.29987	10.5	3	6.0367659293226	-1
18675	403.07144	489.47144	8.5	406.7001	492.29987	10.5	7	4.600783190206182	-1
18705	410.83334	487.9	5.8333335	406.7001	492.29987	10.5	3	6.0367659293226	-1
18735	403.07144	489.47144	8.5	406.7001	492.29987	10.5	7	4.600783190206182	-1
18765	410.83334	487.9	5.8333335	406.7001	492.29987	10.5	3	6.0367659293226	-1
18795	403.07144	489.47144	8.5	406.7001	492.29987	10.5	7	4.600783190206182	-1
18825	410.83334	487.9	5.8333335	406.7001	492.29987	10.5	3	6.0367659293226	-1
18855	403.07144	489.47144	8.5	406.7001	492.29987	10.5	7	4.600783190206182	-1
18885	410.83334	487.9	5.8333335	406.7001	492.29987	10.5	3	6.0367659293226	-1
18915	403.07144	489.47144	8.5	406.7001	492.29987	10.5	7	4.600783190206182	-1
18945	410.83334	487.9	5.8333335	406.7001	492.29987	10.5	3	6.0367659293226	-1
18975	403.07144	489.47144	8.5	406.7001	492.29987	10.5	7	4.600783190206182	-1
19005	410.83334	487.9	5.8333335	406.7001	492.29987	10.5	3	6.0367659293226	-1
19035	403.07144	489.47144	8.5	406.7001	492.29987	10.5	7	4.600783190206182	-1
19065	410.83334	487.9	5.8333335	406.7001	492.29987	10.5	3	6.0367659293226	-1
19095	403.07144	489.47144	8.5	406.7001	492.29987	10.5	7	4.600783190206182	-1
19125	410.83334	487.9	5.8333335	406.7001	492.29987	10.5	3	6.0367659293226	-1
19155	403.07144	489.47144	8.5	406.7001	492.29987	10.5	7	4.600783190206182	-1
19185	410.83334	487.9	5.8333335	406.7001	492.29987	10.5	3	6.0367659293226	-1
19215	403.07144	489.47144	8.5	406.7001	492.29987	10.5	7	4.600783190206182	-1
19245	410.83334	487.9	5.8333335	406.7001	492.29987	10.5	3	6.0367659293226	-1
19275	403.07144	489.47144	8.5	406.7001	492.29987	10.5	7	4.600783190206182	-1
19305	410.83334	487.9	5.8333335	406.7001	492.29987	10.5	3	6.0367659293226	-1
19335	403.07144	489.47144	8.5	406.7001	492.29987	10.5	7	4.600783190206182	-1
19365	410.83334	487.9	5.8333335	406.7001	492.29987	10.5	3	6.0367659293226	-1
19395	403.07144	489.47144	8.5	406.7001	492.29987	10.5	7	4.600783190206182	-1
19425	410.83334	487.9	5.8333335	406.7001	492.29987	10.5	3	6.0367659293226	-1
19455	403.07144	489.47144	8.5	406.7001	492.29987	10.5	7	4.600783190206182	-1
19485	410.83334	487.9	5.8333335	406.7001	492.29987	10.5	3	6.0367659293226	-1
19515	403.07144	489.47144	8.5	406.7001	492.29987	10.5	7	4.600783190206182	-1
19545	410.83334	487.9	5.8333335	406.7001	492.29987	10.5	3	6.0367659293226	-1
19575	403.07144	489.47144	8.5	406.7001	492.29987	10.5	7	4.600783190206182	-1
19635	403.07144	489.47144	8.5	406.7001	492.29987	10.5	7	4.600783190206182	-1
19695	403.07144	489.47144	8.5	406.7001	492.29987	10.5	7	4.600783190206182	-1
19755	403.07144	489.47144	8.5	406.7001	492.29987	10.5	7	4.600783190206182	-1
19815	403.07144	489.47144	8.5	406.7001	492.29987	10.5	7	4.600783190206182	-1
19875	403.07144	489.47144	8.5	406.7001	492.29987	10.5	7	4.600783190206182	-1
19935	403.07144	489.47144	8.5	406.7001	492.29987	10.5	7	4.600783190206182	-1
19995	403.07144	489.47144	8.5	406.7001	492.29987	10.5	7	4.600783190206182	-1
20055	403.07144	489.47144	8.5	406.7001	492.29987	10.5	7	4.600783190206182	-1
20115	403.07144	489.47144	8.5	406.7001	492.29987	10.5	7	4.600783190206182	-1
20175	403.07144	489.47144	8.5	406.7001	492.29987	10.5	7	4.600783190206182	-1
20235	403.07144	489.47144	8.5	406.7001	492.29987	10.5	7	4.600783190206182	-1
20295	403.07144	489.47144	8.5	406.7001	492.29987	10.5	7	4.600783190206182	-1
20355	403.07144	489.47144	8.5	406.7001	492.29987	10.5	7	4.600783190206182	-1
20415	403.07144	489.47144	8.5	406.7001	492.29987	10.5	7	4.600783190206182	-1
20475	403.07144	489.47144	8.5	406.7001	492.29987	10.5	7	4.600783190206182	-1
20535	403.07144	489.47144	8.5	406.7001	492.29987	10.5	7	4.600783190206182	-1
20595	403.07144	489.47144	8.5	406.7001	492.29987	10.5	7	4.600783190206182	-1
20655	403.07144	489.47144	8.5	406.7001	492.29987	10.5	7	4.600783190206182	-1
20715	403.07144	489.47144	8.5	406.7001	492.29987	10.5	7	4.600783190206182	-1
20775	403.07144	489.47144	8.5	406.7001	492.29987	10.5	7	4.600783190206182	-1
20835	403.07144	489.47144	8.5	406.7001	492.29987	10.5	7	4.600783190206182	-1
20895	403.07144	489.47144	8.5	406.7001	492.29987	10.5	7	4.600783190206182	-1
20955	403.07144	489.47144	8.5	406.7001	492.29987	10.5	7	4.600783190206182	-1
21015	403.07144	489.47144	8.5	406.7001	492.29987	10.5	7	4.600783190206182	-1
21075	403.07144	489.47144	8.5	406.7001	492.29987	10.5	7	4.600783190206182	-1
21135	403.07144	489.47144	8.5	406.7001	492.29987	10.5	7	4.600783190206182	-1
21195	403.07144	489.47144	8.5	406.7001	492.29987	10.5	7	4.600783190206182	-1
21255	403.07144	489.47144	8.5	406.7001	492.29987	10.5	7	4.600783190206182	-1
21315	402.73752	489.0	8.75	406.7001	492.29987	10.5	8	5.156665320720535	-1
21375	402.73752	489.0	8.75	406.7001	492.29987	10.5	8	5.156665320720535	-1
21435	402.73752	489.0	8.75	406.7001	492.29987	10.5	8	5.156665320720535	-1
21495	402.73752	489.0	8.75	406.7001	492.29987	10.5	8	5.156665320720535	-1
21555	402.73752	489.0	8.75	406.7001	492.29987	10.5	8	5.156665320720535	-1
21615	402.73752	489.0	8.75	406.7001	492.29987	10.5	8	5.156665320720535	-1
21675	402.73752	489.0	8.75	406.7001	492.29987	10.5	8	5.156665320720535	-1
21735	402.73752	489.0	8.75	406.7001	492.29987	10.5	8	5.156665320720535	-1
21795	402.73752	489.0	8.75	406.7001	492.29987	10.5	8	5.156665320720535	-1
21855	402.73752	489.0	8.75	406.7001	492.29987	10.5	8	5.156665320720535	-1
21915	402.73752	489.0	8.75	406.7001	492.29987	10.5	8	5.156665320720535	-1
21975	402.73752	489.0	8.75	406.7001	492.29987	10.5	8	5.156665320720535	-1
22035	402.73752	489.0	8.75	406.7001	492.29987	10.5	8	5.156665320720535	-1
22095	402.73752	489.0	8.75	406.7001	492.29987	10.5	8	5.156665320720535	-1
22155	402.73752	489.0	8.75	406.7001	492.29987	10.5	8	5.156665320720535	-1
22215	402.73752	489.0	8.75	406.7001	492.29987	10.5	8	5.156665320720535	-1
22275	402.73752	489.0	8.75	406.7001	492.29987	10.5	8	5.156665320720535	-1
22335	402.73752	489.0	8.75	406.7001	492.29987	10.5	8	5.156665320720535	-1
22395	402.73752	489.0	8.75	406.7001	492.29987	10.5	8	5.156665320720535	-1
22455	402.73752	489.0	8.75	406.7001	492.29987	10.5	8	5.156665320720535	-1
22515	402.73752	489.0	8.75	406.7001	492.29987	10.5	8	5.156665320720535	-1
22575	402.73752	489.0	8.75	406.7001	492.29987	10.5	8	5.156665320720535	-1
22635	402.73752	489.0	8.75	406.7001	492.29987	10.5	8	5.156665320720535	-1
22695	402.73752	489.0	8.75	406.7001	492.29987	10.5	8	5.156665320720535	-1
22755	402.73752	489.0	8.75	406.7001	492.29987	10.5	8	5.156665320720535	-1
22815	402.73752	489.0	8.75	406.7001	492.29987	10.5	8	5.156665320720535	-1
22875	402.73752	489.0	8.75	406.7001	492.29987	10.5	8	5.156665320720535	-1
22935	402.73752	489.0	8.75	406.7001	492.29987	10.5	8	5.156665320720535	-1
22995	402.73752	489.0	8.75	406.7001	492.29987	10.5	8	5.156665320720535	-1
23055	402.73752	489.0	8.75	406.7001	492.29987	10.5	8	5.156665320720535	-1
23115	402.73752	489.0	8.75	406.7001	492.29987	10.5	8	5.156665320720535	-1
23175	402.73752	489.0	8.75	406.7001	492.29987	10.5	8	5.156665320720535	-1
23235	402.73752	489.0	8.75	406.7001	492.29987	10.5	8	5.156665320720535	-1
23295	402.73752	489.0	8.75	406.7001	492.29987	10.5	8	5.156665320720535	-1
23355	402.73752	489.0	8.75	406.7001	492.29987	10.5	8	5.156665320720535	-1
23415	402.73752	489.0	8.75	406.7001	492.29987	10.5	8	5.156665320720535	-1
23475	402.73752	489.0	8.75	406.7001	492.29987	10.5	8	5.156665320720535	-1
23535	402.73752	489.0	8.75	406.7001	492.29987	10.5	8	5.156665320720535	-1
23595	402.73752	489.0	8.75	406.7001	492.29987	10.5	8	5.156665320720535	-1
23655	402.73752	489.0	8.75	406.7001	492.29987	10.5	8	5.156665320720535	-1
23715	401.2857	489.47144	9.5	406.7001	492.29987	10.5	7	6.10865984120275	-1
23775	401.2857	489.47144	9.5	406.7001	492.29987	10.5	7	6.10865984120275	-1
23835	401.2857	489.47144	9.5	406.7001	492.29987	10.5	7	6.10865984120275	-1
23895	401.2857	489.47144	9.5	406.7001	492.29987	10.5	7	6.10865984120275	-1
23955	401.2857	489.47144	9.5	406.7001	492.29987	10.5	7	6.10865984120275	-1
24015	401.2857	489.47144	9.5	406.7001	492.29987	10.5	7	6.10865984120275	-1
24075	401.2857	489.47144	9.5	406.7001	492.29987	10.5	7	6.10865984120275	-1
24135	401.2857	489.47144	9.5	406.7001	492.29987	10.5	7	6.10865984120275	-1
24195	401.2857	489.47144	9.5	406.7001	492.29987	10.5	7	6.10865984120275	-1
24255	401.2857	489.47144	9.5	406.7001	492.29987	10.5	7	6.10865984120275	-1
24315	401.2857	489.47144	9.5	406.7001	492.29987	10.5	7	6.10865984120275	-1
24375	401.2857	489.47144	9.5	406.7001	492.29987	10.5	7	6.10865984120275	-1
24435	401.2857	489.47144	9.5	406.7001	492.29987	10.5	7	6.10865984120275	-1
24495	401.2857	489.47144	9.5	406.7001	492.29987	10.5	7	6.10865984120275	-1
24555	401.2857	489.47144	9.5	406.7001	492.29987	10.5	7	6.10865984120275	-1
24615	401.2857	489.47144	9.5	406.7001	492.29987	10.5	7	6.10865984120275	-1
24675	401.2857	489.47144	9.5	406.7001	492.29987	10.5	7	6.10865984120275	-1
24735	401.2857	489.47144	9.5	406.7001	492.29987	10.5	7	6.10865984120275	-1
24795	401.2857	489.47144	9.5	406.7001	492.29987	10.5	7	6.10865984120275	-1
24855	401.2857	489.47144	9.5	406.7001	492.29987	10.5	7	6.10865984120275	-1
24915	401.2857	489.47144	9.5	406.7001	492.29987	10.5	7	6.10865984120275	-1
24975	401.2857	489.47144	9.5	406.7001	492.29987	10.5	7	6.10865984120275	-1
25035	401.2857	489.47144	9.5	406.7001	492.29987	10.5	7	6.10865984120275	-1
25095	401.2857	489.47144	9.5	406.7001	492.29987	10.5	7	6.10865984120275	-1
25155	401.2857	489.47144	9.5	406.7001	492.29987	10.5	7	6.10865984120275	-1
25215	401.2857	489.47144	9.5	406.7001	492.29987	10.5	7	6.10865984120275	-1
25275	401.2857	489.47144	9.5	406.7001	492.29987	10.5	7	6.10865984120275	-1
25335	401.2857	489.47144	9.5	406.7001	492.29987	10.5	7	6.10865984120275	-1
25395	401.43335	490.1	9.333333	406.7001	492.29987	10.5	6	5.707721228702608	-1
25455	401.43335	490.1	9.333333	406.7001	492.29987	10.5	6	5.707721228702608	-1
25515	401.43335	490.1	9.333333	406.7001	492.29987	10.5	6	5.707721228702608	-1
25575	401.43335	490.1	9.333333	406.7001	492.29987	10.5	6	5.707721228702608	-1
25635	401.43335	490.1	9.333333	406.7001	492.29987	10.5	6	5.707721228702608	-1
25695	401.43335	490.1	9.333333	406.7001	492.29987	10.5	6	5.707721228702608	-1
25755	401.43335	490.1	9.333333	406.7001	492.29987	10.5	6	5.707721228702608	-1
25815	401.43335	490.1	9.333333	406.7001	492.29987	10.5	6	5.707721228702608	-1
25875	401.43335	490.1	9.333333	406.7001	492.29987	10.5	6	5.707721228702608	-1
25935	402.2333	490.80002	9.333333	406.7001	492.29987	10.5	6	4.711880365854056	-1
25995	400.38	490.98004	10.5	406.7001	492.29987	10.5	5	6.456437545803661	-1
26055	400.38	490.98004	10.5	406.7001	492.29987	10.5	5	6.456437545803661	-1
26115	400.38	490.98004	10.5	406.7001	492.29987	10.5	5	6.456437545803661	-1
26175	400.38	490.98004	10.5	406.7001	492.29987	10.5	5	6.456437545803661	-1
26235	400.38	490.98004	10.5	406.7001	492.29987	10.5	5	6.456437545803661	-1
26295	400.38	490.98004	10.5	406.7001	492.29987	10.5	5	6.456437545803661	-1
26355	400.38	490.98004	10.5	406.7001	492.29987	10.5	5	6.456437545803661	-1
26415	400.38	490.98004	10.5	406.7001	492.29987	10.5	5	6.456437545803661	-1
26475	400.38	490.98004	10.5	406.7001	492.29987	10.5	5	6.456437545803661	-1
26535	400.38	490.98004	10.5	406.7001	492.29987	10.5	5	6.456437545803661	-1
26595	400.38	490.98004	10.5	406.7001	492.29987	10.5	5	6.456437545803661	-1
26655	400.38	490.98004	10.5	406.7001	492.29987	10.5	5	6.456437545803661	-1
26715	400.375	490.65002	9.625	406.7001	492.29987	10.5	4	6.536735723229415	-1
26775	400.375	490.65002	9.625	406.7001	492.29987	10.5	4	6.536735723229415	-1
26835	400.375	490.65002	9.625	406.7001	492.29987	10.5	4	6.536735723229415	-1
26895	400.375	490.65002	9.625	406.7001	492.29987	10.5	4	6.536735723229415	-1
26955	400.375	490.65002	9.625	406.7001	492.29987	10.5	4	6.536735723229415	-1
27015	400.375	490.65002	9.625	406.7001	492.29987	10.5	4	6.536735723229415	-1
27075	400.375	490.65002	9.625	406.7001	492.29987	10.5	4	6.536735723229415	-1
27135	400.375	490.65002	9.625	406.7001	492.29987	10.5	4	6.536735723229415	-1
27195	400.375	490.65002	9.625	406.7001	492.29987	10.5	4	6.536735723229415	-1
27255	400.375	490.65002	9.625	406.7001	492.29987	10.5	4	6.536735723229415	-1
27315	400.375	490.65002	9.625	406.7001	492.29987	10.5	4	6.536735723229415	-1
27375	400.375	490.65002	9.625	406.7001	492.29987	10.5	4	6.536735723229415	-1
27435	400.375	490.65002	9.625	406.7001	492.29987	10.5	4	6.536735723229415	-1
27495	400.375	490.65002	9.625	406.7001	492.29987	10.5	4	6.536735723229415	-1
27555	400.375	490.65002	9.625	406.7001	492.29987	10.5	4	6.536735723229415	-1
27615	400.375	490.65002	9.625	406.7001	492.29987	10.5	4	6.536735723229415	-1
27675	400.375	490.65002	9.625	406.7001	492.29987	10.5	4	6.536735723229415	-1
27735	400.375	490.65002	9.625	406.7001	492.29987	10.5	4	6.536735723229415	-1
27795	400.375	490.65002	9.625	406.7001	492.29987	10.5	4	6.536735723229415	-1
27855	400.375	490.65002	9.625	406.7001	492.29987	10.5	4	6.536735723229415	-1
27915	400.375	490.65002	9.625	406.7001	492.29987	10.5	4	6.536735723229415	-1
27975	400.375	490.65002	9.625	406.7001	492.29987	10.5	4	6.536735723229415	-1
28035	400.375	490.65002	9.625	406.7001	492.29987	10.5	4	6.536735723229415	-1
28095	400.375	490.65002	9.625	406.7001	492.29987	10.5	4	6.536735723229415	-1
28155	400.375	490.65002	9.625	406.7001	492.29987	10.5	4	6.536735723229415	-1
28215	400.375	490.65002	9.625	406.7001	492.29987	10.5	4	6.536735723229415	-1
28275	400.375	490.65002	9.625	406.7001	492.29987	10.5	4	6.536735723229415	-1
28335	400.375	490.65002	9.625	406.7001	492.29987	10.5	4	6.536735723229415	-1
28395	400.375	490.65002	9.625	406.7001	492.29987	10.5	4	6.536735723229415	-1
28455	400.375	490.65002	9.625	406.7001	492.29987	10.5	4	6.536735723229415	-1
28515	400.375	490.65002	9.625	406.7001	492.29987	10.5	4	6.536735723229415	-1
28575	400.375	490.65002	9.625	406.7001	492.29987	10.5	4	6.536735723229415	-1
28635	400.375	490.65002	9.625	406.7001	492.29987	10.5	4	6.536735723229415	-1
28695	400.375	490.65002	9.625	406.7001	492.29987	10.5	4	6.536735723229415	-1
28755	400.375	490.65002	9.625	406.7001	492.29987	10.5	4	6.536735723229415	-1
28815	400.375	490.65002	9.625	406.7001	492.29987	10.5	4	6.536735723229415	-1
28875	400.375	490.65002	9.625	406.7001	492.29987	10.5	4	6.536735723229415	-1
28935	400.375	490.65002	9.625	406.7001	492.29987	10.5	4	6.536735723229415	-1
28995	400.375	490.65002	9.625	406.7001	492.29987	10.5	4	6.536735723229415	-1
29055	400.375	490.65002	9.625	406.7001	492.29987	10.5	4	6.536735723229415	-1
29115	400.375	490.65002	9.625	406.7001	492.29987	10.5	4	6.536735723229415	-1
29175	400.375	490.65002	9.625	406.7001	492.29987	10.5	4	6.536735723229415	-1
29235	400.375	490.65002	9.625	406.7001	492.29987	10.5	4	6.536735723229415	-1
29295	400.375	490.65002	9.625	406.7001	492.29987	10.5	4	6.536735723229415	-1
29355	400.375	490.65002	9.625	406.7001	492.29987	10.5	4	6.536735723229415	-1
29415	400.375	490.65002	9.625	406.7001	492.29987	10.5	4	6.536735723229415	-1
29475	400.375	490.65002	9.625	406.7001	492.29987	10.5	4	6.536735723229415	-1
29535	394.1	490.1	8.166667	406.7001	492.29987	10.5	3	12.790693620400821	-1
29595	394.1	490.1	8.166667	406.7001	492.29987	10.5	3	12.790693620400821	-1
29655	394.1	490.1	8.166667	406.7001	492.29987	10.5	3	12.790693620400821	-1
29715	394.1	490.1	8.166667	406.7001	492.29987	10.5	3	12.790693620400821	-1
29775	394.1	490.1	8.166667	406.7001	492.29987	10.5	3	12.790693620400821	-1
29835	394.1	490.1	8.166667	406.7001	492.29987	10.5	3	12.790693620400821	-1
29895	394.1	490.1	8.166667	406.7001	492.29987	10.5	3	12.790693620400821	-1
29955	394.1	490.1	8.166667	406.7001	492.29987	10.5	3	12.790693620400821	-1
30015	394.1	490.1	8.166667	406.7001	492.29987	10.5	3	12.790693620400821	-1
30075	394.1	490.1	8.166667	406.7001	492.29987	10.5	3	12.790693620400821	-1
30135	394.1	490.1	8.166667	406.7001	492.29987	10.5	3	12.790693620400821	-1
30195	394.1	490.1	8.166667	406.7001	492.29987	10.5	3	12.790693620400821	-1
30255	394.1	490.1	8.166667	406.7001	492.29987	10.5	3	12.790693620400821	-1
30315	394.1	490.1	8.166667	406.7001	492.29987	10.5	3	12.790693620400821	-1
30375	394.1	490.1	8.166667	406.7001	492.29987	10.5	3	12.790693620400821	-1
30435	394.1	490.1	8.166667	406.7001	492.29987	10.5	3	12.790693620400821	-1
30495	394.1	490.1	8.166667	406.7001	492.29987	10.5	3	12.790693620400821	-1
30555	394.1	490.1	8.166667	406.7001	492.29987	10.5	3	12.790693620400821	-1
30615	394.1	490.1	8.166667	406.7001	492.29987	10.5	3	12.790693620400821	-1
45495	406.66666	493.20004	9.333333	406.7001	492.29987	10.5	3	0.9007981762987233	-1
45555	401.6	492.20004	9.333333	406.7001	492.29987	10.5	3	5.101074468602258	-1
45615	401.6	492.20004	9.333333	406.7001	492.29987	10.5	3	5.101074468602258	-1
45675	401.6	492.20004	9.333333	406.7001	492.29987	10.5	3	5.101074468602258	-1
45735	401.6	492.20004	9.333333	406.7001	492.29987	10.5	3	5.101074468602258	-1
45795	401.6	492.20004	9.333333	406.7001	492.29987	10.5	3	5.101074468602258	-1
45855	401.6	492.20004	9.333333	406.7001	492.29987	10.5	3	5.101074468602258	-1
45915	401.6	492.20004	9.333333	406.7001	492.29987	10.5	3	5.101074468602258	-1
45975	401.6	492.20004	9.333333	406.7001	492.29987	10.5	3	5.101074468602258	-1
46035	401.6	492.20004	9.333333	406.7001	492.29987	10.5	3	5.101074468602258	-1
46095	401.6	492.20004	9.333333	406.7001	492.29987	10.5	3	5.101074468602258	-1
46155	401.6	492.20004	9.333333	406.7001	492.29987	10.5	3	5.101074468602258	-1
46215	401.6	492.20004	9.333333	406.7001	492.29987	10.5	3	5.101074468602258	-1
46275	401.6	492.20004	9.333333	406.7001	492.29987	10.5	3	5.101074468602258	-1
46335	401.6	492.20004	9.333333	406.7001	492.29987	10.5	3	5.101074468602258	-1
46395	399.92502	494.34998	7.0	406.7001	492.29987	10.5	4	7.078469700135665	-1
46455	399.92502	494.34998	7.0	406.7001	492.29987	10.5	4	7.078469700135665	-1
46515	399.92502	494.34998	7.0	406.7001	492.29987	10.5	4	7.078469700135665	-1
46575	399.92502	494.34998	7.0	406.7001	492.29987	10.5	4	7.078469700135665	-1
46635	399.92502	494.34998	7.0	406.7001	492.29987	10.5	4	7.078469700135665	-1
46695	399.92502	494.34998	7.0	406.7001	492.29987	10.5	4	7.078469700135665	-1
46755	399.92502	494.34998	7.0	406.7001	492.29987	10.5	4	7.078469700135665	-1
46815	399.92502	494.34998	7.0	406.7001	492.29987	10.5	4	7.078469700135665	-1
46875	396.46667	490.7333	4.6666665	406.7001	492.29987	10.5	3	10.352640956355271	-1
46935	396.46667	490.7333	4.6666665	406.7001	492.29987	10.5	3	10.352640956355271	-1
50715	412.53333	492.96664	6.7333336	406.7001	492.29987	10.5	3	5.871206517415114	-1
50895	409.96667	494.4	14.0	406.7001	492.29987	10.5	3	3.8834295072820164	-1
50955	409.96667	494.4	14.0	406.7001	492.29987	10.5	3	3.8834295072820164	-1
51015	409.96667	494.4	14.0	406.7001	492.29987	10.5	3	3.8834295072820164	-1
51075	409.96667	494.4	14.0	406.7001	492.29987	10.5	3	3.8834295072820164	-1
51135	409.96667	494.4	14.0	406.7001	492.29987	10.5	3	3.8834295072820164	-1
51195	409.96667	494.4	14.0	406.7001	492.29987	10.5	3	3.8834295072820164	-1
51255	409.96667	494.4	14.0	406.7001	492.29987	10.5	3	3.8834295072820164	-1
51315	409.96667	494.4	14.0	406.7001	492.29987	10.5	3	3.8834295072820164	-1
51375	409.96667	494.4	14.0	406.7001	492.29987	10.5	3	3.8834295072820164	-1
51435	409.96667	494.4	14.0	406.7001	492.29987	10.5	3	3.8834295072820164	-1
51495	409.96667	494.4	14.0	406.7001	492.29987	10.5	3	3.8834295072820164	-1
51555	409.96667	494.4	14.0	406.7001	492.29987	10.5	3	3.8834295072820164	-1
51615	409.96667	494.4	14.0	406.7001	492.29987	10.5	3	3.8834295072820164	-1
51675	409.96667	494.4	14.0	406.7001	492.29987	10.5	3	3.8834295072820164	-1
51735	409.96667	494.4	14.0	406.7001	492.29987	10.5	3	3.8834295072820164	-1
51795	409.96667	494.4	14.0	406.7001	492.29987	10.5	3	3.8834295072820164	-1
51855	409.96667	494.4	14.0	406.7001	492.29987	10.5	3	3.8834295072820164	-1
51915	409.96667	494.4	14.0	406.7001	492.29987	10.5	3	3.8834295072820164	-1
51975	409.96667	494.4	14.0	406.7001	492.29987	10.5	3	3.8834295072820164	-1
52035	409.96667	494.4	14.0	406.7001	492.29987	10.5	3	3.8834295072820164	-1
52095	409.96667	494.4	14.0	406.7001	492.29987	10.5	3	3.8834295072820164	-1
52155	409.96667	494.4	14.0	406.7001	492.29987	10.5	3	3.8834295072820164	-1
52215	409.96667	494.4	14.0	406.7001	492.29987	10.5	3	3.8834295072820164	-1
52275	409.96667	494.4	14.0	406.7001	492.29987	10.5	3	3.8834295072820164	-1
52335	409.96667	494.4	14.0	406.7001	492.29987	10.5	3	3.8834295072820164	-1
52395	409.96667	494.4	14.0	406.7001	492.29987	10.5	3	3.8834295072820164	-1
52455	409.96667	494.4	14.0	406.7001	492.29987	10.5	3	3.8834295072820164	-1
52515	409.96667	494.4	14.0	406.7001	492.29987	10.5	3	3.8834295072820164	-1
52575	409.96667	494.4	14.0	406.7001	492.29987	10.5	3	3.8834295072820164	-1
52635	409.96667	494.4	14.0	406.7001	492.29987	10.5	3	3.8834295072820164	-1
52695	409.96667	494.4	14.0	406.7001	492.29987	10.5	3	3.8834295072820164	-1
52755	409.96667	494.4	14.0	406.7001	492.29987	10.5	3	3.8834295072820164	-1
52815	409.96667	494.4	14.0	406.7001	492.29987	10.5	3	3.8834295072820164	-1
52875	409.96667	494.4	14.0	406.7001	492.29987	10.5	3	3.8834295072820164	-1
52935	409.96667	494.4	14.0	406.7001	492.29987	10.5	3	3.8834295072820164	-1
52995	409.96667	494.4	14.0	406.7001	492.29987	10.5	3	3.8834295072820164	-1
53055	409.96667	494.4	14.0	406.7001	492.29987	10.5	3	3.8834295072820164	-1
53115	409.96667	494.4	14.0	406.7001	492.29987	10.5	3	3.8834295072820164	-1
53175	409.96667	494.4	14.0	406.7001	492.29987	10.5	3	3.8834295072820164	-1
53235	409.96667	494.4	14.0	406.7001	492.29987	10.5	3	3.8834295072820164	-1
53295	409.96667	494.4	14.0	406.7001	492.29987	10.5	3	3.8834295072820164	-1
53355	409.96667	494.4	14.0	406.7001	492.29987	10.5	3	3.8834295072820164	-1
53415	409.96667	494.4	14.0	406.7001	492.29987	10.5	3	3.8834295072820164	-1
53475	409.96667	494.4	14.0	406.7001	492.29987	10.5	3	3.8834295072820164	-1
53535	409.96667	494.4	14.0	406.7001	492.29987	10.5	3	3.8834295072820164	-1
53595	409.96667	494.4	14.0	406.7001	492.29987	10.5	3	3.8834295072820164	-1
53655	409.96667	494.4	14.0	406.7001	492.29987	10.5	3	3.8834295072820164	-1
53715	409.96667	494.4	14.0	406.7001	492.29987	10.5	3	3.8834295072820164	-1
53775	409.96667	494.4	14.0	406.7001	492.29987	10.5	3	3.8834295072820164	-1
53835	410.69998	492.22498	11.375	406.7001	492.29987	10.5	4	4.000578956223576	-1
53895	410.69998	492.22498	11.375	406.7001	492.29987	10.5	4	4.000578956223576	-1
53955	410.69998	492.22498	11.375	406.7001	492.29987	10.5	4	4.000578956223576	-1
54015	410.69998	492.22498	11.375	406.7001	492.29987	10.5	4	4.000578956223576	-1
54075	410.69998	492.22498	11.375	406.7001	492.29987	10.5	4	4.000578956223576	-1
54135	410.69998	492.22498	11.375	406.7001	492.29987	10.5	4	4.000578956223576	-1
54195	410.69998	492.22498	11.375	406.7001	492.29987	10.5	4	4.000578956223576	-1
54255	410.69998	492.22498	11.375	406.7001	492.29987	10.5	4	4.000578956223576	-1
54315	410.69998	492.22498	11.375	406.7001	492.29987	10.5	4	4.000578956223576	-1
54375	410.69998	492.22498	11.375	406.7001	492.29987	10.5	4	4.000578956223576	-1
54435	410.69998	492.22498	11.375	406.7001	492.29987	10.5	4	4.000578956223576	-1
54495	410.69998	492.22498	11.375	406.7001	492.29987	10.5	4	4.000578956223576	-1
54555	410.69998	492.22498	11.375	406.7001	492.29987	10.5	4	4.000578956223576	-1
54615	410.69998	492.22498	11.375	406.7001	492.29987	10.5	4	4.000578956223576	-1
54675	410.69998	492.22498	11.375	406.7001	492.29987	10.5	4	4.000578956223576	-1
54735	410.69998	492.22498	11.375	406.7001	492.29987	10.5	4	4.000578956223576	-1
54795	410.69998	492.22498	11.375	406.7001	492.29987	10.5	4	4.000578956223576	-1
54855	410.69998	492.22498	11.375	406.7001	492.29987	10.5	4	4.000578956223576	-1
54915	410.69998	492.22498	11.375	406.7001	492.29987	10.5	4	4.000578956223576	-1
54975	410.69998	492.22498	11.375	406.7001	492.29987	10.5	4	4.000578956223576	-1
55035	410.69998	492.22498	11.375	406.7001	492.29987	10.5	4	4.000578956223576	-1
55095	410.69998	492.22498	11.375	406.7001	492.29987	10.5	4	4.000578956223576	-1
55155	410.69998	492.22498	11.375	406.7001	492.29987	10.5	4	4.000578956223576	-1
55215	410.69998	492.22498	11.375	406.7001	492.29987	10.5	4	4.000578956223576	-1
55275	410.69998	492.22498	11.375	406.7001	492.29987	10.5	4	4.000578956223576	-1
55335	410.69998	492.22498	11.375	406.7001	492.29987	10.5	4	4.000578956223576	-1
55395	410.69998	492.22498	11.375	406.7001	492.29987	10.5	4	4.000578956223576	-1
55455	410.69998	492.22498	11.375	406.7001	492.29987	10.5	4	4.000578956223576	-1
55515	410.69998	492.22498	11.375	406.7001	492.29987	10.5	4	4.000578956223576	-1
55575	410.69998	492.22498	11.375	406.7001	492.29987	10.5	4	4.000578956223576	-1
55635	410.69998	492.22498	11.375	406.7001	492.29987	10.5	4	4.000578956223576	-1
55695	410.69998	492.22498	11.375	406.7001	492.29987	10.5	4	4.000578956223576	-1
55755	410.69998	492.22498	11.375	406.7001	492.29987	10.5	4	4.000578956223576	-1
55815	410.69998	492.22498	11.375	406.7001	492.29987	10.5	4	4.000578956223576	-1
55875	410.69998	492.22498	11.375	406.7001	492.29987	10.5	4	4.000578956223576	-1
55935	410.69998	492.22498	11.375	406.7001	492.29987	10.5	4	4.000578956223576	-1
55995	410.69998	492.22498	11.375	406.7001	492.29987	10.5	4	4.000578956223576	-1
56055	410.83334	487.9	7.0	406.7001	492.29987	10.5	3	6.0367659293226	-1
56115	410.83334	487.9	7.0	406.7001	492.29987	10.5	3	6.0367659293226	-1
56175	410.83334	487.9	7.0	406.7001	492.29987	10.5	3	6.0367659293226	-1
56235	410.83334	487.9	7.0	406.7001	492.29987	10.5	3	6.0367659293226	-1
56295	406.65	489.0	6.125	406.7001	492.29987	10.5	4	3.3002461705090607	-1
56355	406.65	489.0	6.125	406.7001	492.29987	10.5	4	3.3002461705090607	-1
56415	406.65	489.0	6.125	406.7001	492.29987	10.5	4	3.3002461705090607	-1
56475	406.65	489.0	6.125	406.7001	492.29987	10.5	4	3.3002461705090607	-1
56535	406.65	489.0	6.125	406.7001	492.29987	10.5	4	3.3002461705090607	-1
56595	406.65	489.0	6.125	406.7001	492.29987	10.5	4	3.3002461705090607	-1
56655	406.65	489.0	6.125	406.7001	492.29987	10.5	4	3.3002461705090607	-1
56715	406.65	489.0	6.125	406.7001	492.29987	10.5	4	3.3002461705090607	-1
56775	406.65	489.0	6.125	406.7001	492.29987	10.5	4	3.3002461705090607	-1
56835	406.65	489.0	6.125	406.7001	492.29987	10.5	4	3.3002461705090607	-1
56895	406.65	489.0	6.125	406.7001	492.29987	10.5	4	3.3002461705090607	-1
56955	406.65	489.0	6.125	406.7001	492.29987	10.5	4	3.3002461705090607	-1
57015	406.65	489.0	6.125	406.7001	492.29987	10.5	4	3.3002461705090607	-1
57075	406.65	489.0	6.125	406.7001	492.29987	10.5	4	3.3002461705090607	-1
57135	406.65	489.0	6.125	406.7001	492.29987	10.5	4	3.3002461705090607	-1
57195	406.65	489.0	6.125	406.7001	492.29987	10.5	4	3.3002461705090607	-1
57255	406.65	489.0	6.125	406.7001	492.29987	10.5	4	3.3002461705090607	-1
57315	406.65	489.0	6.125	406.7001	492.29987	10.5	4	3.3002461705090607	-1
57375	406.65	489.0	6.125	406.7001	492.29987	10.5	4	3.3002461705090607	-1
57435	406.65	489.0	6.125	406.7001	492.29987	10.5	4	3.3002461705090607	-1
57495	406.65	489.0	6.125	406.7001	492.29987	10.5	4	3.3002461705090607	-1
57555	406.65	489.0	6.125	406.7001	492.29987	10.5	4	3.3002461705090607	-1
57615	406.65	489.0	6.125	406.7001	492.29987	10.5	4	3.3002461705090607	-1
57675	406.65	489.0	6.125	406.7001	492.29987	10.5	4	3.3002461705090607	-1
57735	406.65	489.0	6.125	406.7001	492.29987	10.5	4	3.3002461705090607	-1
57795	406.65	489.0	6.125	406.7001	492.29987	10.5	4	3.3002461705090607	-1
57855	406.65	489.0	6.125	406.7001	492.29987	10.5	4	3.3002461705090607	-1
57915	406.65	489.0	6.125	406.7001	492.29987	10.5	4	3.3002461705090607	-1
57975	405.84	491.36002	4.9	406.7001	492.29987	10.5	5	1.2740104098153204	-1
58005	410.83334	487.9	5.8333335	406.7001	492.29987	10.5	3	6.0367659293226	-1
58035	405.84	491.36002	4.9	406.7001	492.29987	10.5	5	1.2740104098153204	-1
58065	410.83334	487.9	5.8333335	406.7001	492.29987	10.5	3	6.0367659293226	-1
58095	405.84	491.36002	4.9	406.7001	492.29987	10.5	5	1.2740104098153204	-1
58125	410.83334	487.9	5.8333335	406.7001	492.29987	10.5	3	6.0367659293226	-1
58155	405.84	491.36002	4.9	406.7001	492.29987	10.5	5	1.2740104098153204	-1
58185	410.83334	487.9	5.8333335	406.7001	492.29987	10.5	3	6.0367659293226	-1
58215	405.84	491.36002	4.9	406.7001	492.29987	10.5	5	1.2740104098153204	-1
58245	410.83334	487.9	5.8333335	406.7001	492.29987	10.5	3	6.0367659293226	-1
58275	405.84	491.36002	4.9	406.7001	492.29987	10.5	5	1.2740104098153204	-1
58305	410.83334	487.9	5.8333335	406.7001	492.29987	10.5	3	6.0367659293226	-1
58335	405.84	491.36002	4.9	406.7001	492.29987	10.5	5	1.2740104098153204	-1
58365	410.83334	487.9	5.8333335	406.7001	492.29987	10.5	3	6.0367659293226	-1
58395	405.84	491.36002	4.9	406.7001	492.29987	10.5	5	1.2740104098153204	-1
58425	410.83334	487.9	5.8333335	406.7001	492.29987	10.5	3	6.0367659293226	-1
58455	405.84	491.36002	4.9	406.7001	492.29987	10.5	5	1.2740104098153204	-1
58485	410.83334	487.9	5.8333335	406.7001	492.29987	10.5	3	6.0367659293226	-1
58515	405.84	491.36002	4.9	406.7001	492.29987	10.5	5	1.2740104098153204	-1
58545	410.83334	487.9	5.8333335	406.7001	492.29987	10.5	3	6.0367659293226	-1
58575	405.84	491.36002	4.9	406.7001	492.29987	10.5	5	1.2740104098153204	-1
58605	410.83334	487.9	5.8333335	406.7001	492.29987	10.5	3	6.0367659293226	-1
58635	405.84	491.36002	4.9	406.7001	492.29987	10.5	5	1.2740104098153204	-1
58665	410.83334	487.9	5.8333335	406.7001	492.29987	10.5	3	6.0367659293226	-1
58695	405.84	491.36002	4.9	406.7001	492.29987	10.5	5	1.2740104098153204	-1
58725	410.83334	487.9	5.8333335	406.7001	492.29987	10.5	3	6.0367659293226	-1
58755	405.84	491.36002	4.9	406.7001	492.29987	10.5	5	1.2740104098153204	-1
58785	410.83334	487.9	5.8333335	406.7001	492.29987	10.5	3	6.0367659293226	-1
58815	404.93335	490.41666	5.8333335	406.7001	492.29987	10.5	6	2.5822271833223573	-1
58845	410.83334	487.9	5.8333335	406.7001	492.29987	10.5	3	6.0367659293226	-1
58875	404.93335	490.41666	5.8333335	406.7001	492.29987	10.5	6	2.5822271833223573	-1
58905	410.83334	487.9	5.8333335	406.7001	492.29987	10.5	3	6.0367659293226	-1
58935	404.93335	490.41666	5.8333335	406.7001	492.29987	10.5	6	2.5822271833223573	-1
58965	410.83334	487.9	5.8333335	406.7001	492.29987	10.5	3	6.0367659293226	-1
58995	404.93335	490.41666	5.8333335	406.7001	492.29987	10.5	6	2.5822271833223573	-1
59025	410.83334	487.9	5.8333335	406.7001	492.29987	10.5	3	6.0367659293226	-1
59055	404.93335	490.41666	5.8333335	406.7001	492.29987	10.5	6	2.5822271833223573	-1
59085	410.83334	487.9	5.8333335	406.7001	492.29987	10.5	3	6.0367659293226	-1
59115	404.93335	490.41666	5.8333335	406.7001	492.29987	10.5	6	2.5822271833223573	-1
59145	410.83334	487.9	5.8333335	406.7001	492.29987	10.5	3	6.0367659293226	-1
59175	404.93335	490.41666	5.8333335	406.7001	492.29987	10.5	6	2.5822271833223573	-1
59205	410.83334	487.9	5.8333335	406.7001	492.29987	10.5	3	6.0367659293226	-1
59235	404.93335	490.41666	5.8333335	406.7001	492.29987	10.5	6	2.5822271833223573	-1
59265	410.83334	487.9	5.8333335	406.7001	492.29987	10.5	3	6.0367659293226	-1
59295	404.93335	490.41666	5.8333335	406.7001	492.29987	10.5	6	2.5822271833223573	-1
59325	410.83334	487.9	5.8333335	406.7001	492.29987	10.5	3	6.0367659293226	-1
59355	404.93335	490.41666	5.8333335	406.7001	492.29987	10.5	6	2.5822271833223573	-1
59385	410.83334	487.9	5.8333335	406.7001	492.29987	10.5	3	6.0367659293226	-1
59415	404.93335	490.41666	5.8333335	406.7001	492.29987	10.5	6	2.5822271833223573	-1
59445	410.83334	487.9	5.8333335	406.7001	492.29987	10.5	3	6.0367659293226	-1
59475	404.93335	490.41666	5.8333335	406.7001	492.29987	10.5	6	2.5822271833223573	-1
59505	410.83334	487.9	5.8333335	406.7001	492.29987	10.5	3	6.0367659293226	-1
59535	404.93335	490.41666	5.8333335	406.7001	492.29987	10.5	6	2.5822271833223573	-1
59565	410.83334	487.9	5.8333335	406.7001	492.29987	10.5	3	6.0367659293226	-1
59595	404.93335	490.41666	5.8333335	406.7001	492.29987	10.5	6	2.5822271833223573	-1
59625	410.83334	487.9	5.8333335	406.7001	492.29987	10.5	3	6.0367659293226	-1
59655	404.93335	490.41666	5.8333335	406.7001	492.29987	10.5	6	2.5822271833223573	-1
59685	410.83334	487.9	5.8333335	406.7001	492.29987	10.5	3	6.0367659293226	-1
59715	404.93335	490.41666	5.8333335	406.7001	492.29987	10.5	6	2.5822271833223573	-1
59745	410.83334	487.9	5.8333335	406.7001	492.29987	10.5	3	6.0367659293226	-1
59775	404.93335	490.41666	5.8333335	406.7001	492.29987	10.5	6	2.5822271833223573	-1
59805	410.83334	487.9	5.8333335	406.7001	492.29987	10.5	3	6.0367659293226	-1
59835	404.93335	490.41666	5.8333335	406.7001	492.29987	10.5	6	2.5822271833223573	-1
59865	410.83334	487.9	5.8333335	406.7001	492.29987	10.5	3	6.0367659293226	-1
59895	404.93335	490.41666	5.8333335	406.7001	492.29987	10.5	6	2.5822271833223573	-1
59925	410.83334	487.9	5.8333335	406.7001	492.29987	10.5	3	6.0367659293226	-1
59955	404.93335	490.41666	5.8333335	406.7001	492.29987	10.5	6	2.5822271833223573	-1
59985	410.83334	487.9	5.8333335	406.7001	492.29987	10.5	3	6.0367659293226	-1
60015	404.93335	490.41666	5.8333335	406.7001	492.29987	10.5	6	2.5822271833223573	-1
60045	410.83334	487.9	5.8333335	406.7001	492.29987	10.5	3	6.0367659293226	-1
60075	405.2667	490.9833	5.8333335	406.7001	492.29987	10.5	6	1.9462767659003193	-1
60105	410.83334	487.9	5.8333335	406.7001	492.29987	10.5	3	6.0367659293226	-1
60135	405.40002	488.34	7.0	406.7001	492.29987	10.5	5	4.167825794047534	-1
60165	410.83334	487.9	5.8333335	406.7001	492.29987	10.5	3	6.0367659293226	-1
60195	405.40002	488.34	7.0	406.7001	492.29987	10.5	5	4.167825794047534	-1
60225	410.83334	487.9	5.8333335	406.7001	492.29987	10.5	3	6.0367659293226	-1
60255	405.40002	488.34	7.0	406.7001	492.29987	10.5	5	4.167825794047534	-1
60285	410.83334	487.9	5.8333335	406.7001	492.29987	10.5	3	6.0367659293226	-1
60315	405.40002	488.34	7.0	406.7001	492.29987	10.5	5	4.167825794047534	-1
60345	410.83334	487.9	5.8333335	406.7001	492.29987	10.5	3	6.0367659293226	-1
60375	405.40002	488.34	7.0	406.7001	492.29987	10.5	5	4.167825794047534	-1
60405	410.83334	487.9	5.8333335	406.7001	492.29987	10.5	3	6.0367659293226	-1
60435	405.40002	488.34	7.0	406.7001	492.29987	10.5	5	4.167825794047534	-1
60465	410.83334	487.9	5.8333335	406.7001	492.29987	10.5	3	6.0367659293226	-1
60495	405.40002	488.34	7.0	406.7001	492.29987	10.5	5	4.167825794047534	-1
60525	410.83334	487.9	5.8333335	406.7001	492.29987	10.5	3	6.0367659293226	-1
60555	405.40002	488.34	7.0	406.7001	492.29987	10.5	5	4.167825794047534	-1
60585	410.83334	487.9	5.8333335	406.7001	492.29987	10.5	3	6.0367659293226	-1
60615	405.40002	488.34	7.0	406.7001	492.29987	10.5	5	4.167825794047534	-1
60645	410.83334	487.9	5.8333335	406.7001	492.29987	10.5	3	6.0367659293226	-1
60675	406.06668	488.4	8.166667	406.7001	492.29987	10.5	6	3.9509776979186713	-1
60705	410.83334	487.9	5.8333335	406.7001	492.29987	10.5	3	6.0367659293226	-1
60735	404.56668	489.0	8.166667	406.7001	492.29987	10.5	6	3.9294537598921715	-1
60765	410.83334	487.9	5.8333335	406.7001	492.29987	10.5	3	6.0367659293226	-1
60795	404.56668	489.0	8.166667	406.7001	492.29987	10.5	6	3.9294537598921715	-1
60825	410.83334	487.9	5.8333335	406.7001	492.29987	10.5	3	6.0367659293226	-1
60855	404.56668	489.0	8.166667	406.7001	492.29987	10.5	6	3.9294537598921715	-1
60885	410.83334	487.9	5.8333335	406.7001	492.29987	10.5	3	6.0367659293226	-1
60915	404.56668	489.0	8.166667	406.7001	492.29987	10.5	6	3.9294537598921715	-1
60945	410.83334	487.9	5.8333335	406.7001	492.29987	10.5	3	6.0367659293226	-1
60975	404.56668	489.0	8.166667	406.7001	492.29987	10.5	6	3.9294537598921715	-1
61005	410.83334	487.9	5.8333335	406.7001	492.29987	10.5	3	6.0367659293226	-1
61035	404.8714	488.52856	7.5	406.7001	492.29987	10.5	7	4.191285558800049	-1
61065	410.83334	487.9	5.8333335	406.7001	492.29987	10.5	3	6.0367659293226	-1
61095	404.8714	488.52856	7.5	406.7001	492.29987	10.5	7	4.191285558800049	-1
61125	410.83334	487.9	5.8333335	406.7001	492.29987	10.5	3	6.0367659293226	-1
61155	404.8714	488.52856	7.5	406.7001	492.29987	10.5	7	4.191285558800049	-1
61185	410.83334	487.9	5.8333335	406.7001	492.29987	10.5	3	6.0367659293226	-1
61215	404.8714	488.52856	7.5	406.7001	492.29987	10.5	7	4.191285558800049	-1
61245	410.83334	487.9	5.8333335	406.7001	492.29987	10.5	3	6.0367659293226	-1
61275	404.8714	488.52856	7.5	406.7001	492.29987	10.5	7	4.191285558800049	-1
61305	410.83334	487.9	5.8333335	406.7001	492.29987	10.5	3	6.0367659293226	-1
61335	404.8714	488.52856	7.5	406.7001	492.29987	10.5	7	4.191285558800049	-1
61365	410.83334	487.9	5.8333335	406.7001	492.29987	10.5	3	6.0367659293226	-1
61395	404.8714	488.52856	7.5	406.7001	492.29987	10.5	7	4.191285558800049	-1
61425	410.83334	487.9	5.8333335	406.7001	492.29987	10.5	3	6.0367659293226	-1
61455	404.8714	488.52856	7.5	406.7001	492.29987	10.5	7	4.191285558800049	-1
61485	410.83334	487.9	5.8333335	406.7001	492.29987	10.5	3	6.0367659293226	-1
61515	404.8714	488.52856	7.5	406.7001	492.29987	10.5	7	4.191285558800049	-1
61545	410.83334	487.9	5.8333335	406.7001	492.29987	10.5	3	6.0367659293226	-1
61575	404.8714	488.52856	7.5	406.7001	492.29987	10.5	7	4.191285558800049	-1
61605	410.83334	487.9	5.8333335	406.7001	492.29987	10.5	3	6.0367659293226	-1
61635	404.8714	488.52856	7.5	406.7001	492.29987	10.5	7	4.191285558800049	-1
61665	410.83334	487.9	5.8333335	406.7001	492.29987	10.5	3	6.0367659293226	-1
61695	404.8714	488.52856	7.5	406.7001	492.29987	10.5	7	4.191285558800049	-1
61725	410.83334	487.9	5.8333335	406.7001	492.29987	10.5	3	6.0367659293226	-1
61755	404.8714	488.52856	7.5	406.7001	492.29987	10.5	7	4.191285558800049	-1
61785	410.83334	487.9	5.8333335	406.7001	492.29987	10.5	3	6.0367659293226	-1
61815	404.8714	488.52856	7.5	406.7001	492.29987	10.5	7	4.191285558800049	-1
61845	410.83334	487.9	5.8333335	406.7001	492.29987	10.5	3	6.0367659293226	-1
61875	404.8714	488.52856	7.5	406.7001	492.29987	10.5	7	4.191285558800049	-1
61905	410.83334	487.9	5.8333335	406.7001	492.29987	10.5	3	6.0367659293226	-1
61935	404.8714	488.52856	7.5	406.7001	492.29987	10.5	7	4.191285558800049	-1
61965	410.83334	487.9	5.8333335	406.7001	492.29987	10.5	3	6.0367659293226	-1
61995	404.8714	488.52856	7.5	406.7001	492.29987	10.5	7	4.191285558800049	-1
62025	410.83334	487.9	5.8333335	406.7001	492.29987	10.5	3	6.0367659293226	-1
62055	404.8714	488.52856	7.5	406.7001	492.29987	10.5	7	4.191285558800049	-1
62085	410.83334	487.9	5.8333335	406.7001	492.29987	10.5	3	6.0367659293226	-1
62115	403.72498	488.55	7.875	406.7001	492.29987	10.5	8	4.78674964232132	-1
62145	410.83334	487.9	5.8333335	406.7001	492.29987	10.5	3	6.0367659293226	-1
62175	403.525	489.0	7.875	406.7001	492.29987	10.5	8	4.5793489091209825	-1
62205	410.83334	487.9	5.8333335	406.7001	492.29987	10.5	3	6.0367659293226	-1
62235	403.525	489.0	7.875	406.7001	492.29987	10.5	8	4.5793489091209825	-1
62265	410.83334	487.9	5.8333335	406.7001	492.29987	10.5	3	6.0367659293226	-1
62295	403.525	489.0	7.875	406.7001	492.29987	10.5	8	4.5793489091209825	-1
62325	410.83334	487.9	5.8333335	406.7001	492.29987	10.5	3	6.0367659293226	-1
62355	403.525	489.0	7.875	406.7001	492.29987	10.5	8	4.5793489091209825	-1
62385	410.83334	487.9	5.8333335	406.7001	492.29987	10.5	3	6.0367659293226	-1
62415	403.525	489.0	7.875	406.7001	492.29987	10.5	8	4.5793489091209825	-1
62445	410.83334	487.9	5.8333335	406.7001	492.29987	10.5	3	6.0367659293226	-1
62475	403.525	489.0	7.875	406.7001	492.29987	10.5	8	4.5793489091209825	-1
62505	410.83334	487.9	5.8333335	406.7001	492.29987	10.5	3	6.0367659293226	-1
62535	403.525	489.0	7.875	406.7001	492.29987	10.5	8	4.5793489091209825	-1
62565	410.83334	487.9	5.8333335	406.7001	492.29987	10.5	3	6.0367659293226	-1
62595	403.525	489.0	7.875	406.7001	492.29987	10.5	8	4.5793489091209825	-1
62625	410.83334	487.9	5.8333335	406.7001	492.29987	10.5	3	6.0367659293226	-1
62655	403.525	489.0	7.875	406.7001	492.29987	10.5	8	4.5793489091209825	-1
62685	410.83334	487.9	5.8333335	406.7001	492.29987	10.5	3	6.0367659293226	-1
62715	403.525	489.0	7.875	406.7001	492.29987	10.5	8	4.5793489091209825	-1
62745	410.83334	487.9	5.8333335	406.7001	492.29987	10.5	3	6.0367659293226	-1
62775	403.525	489.0	7.875	406.7001	492.29987	10.5	8	4.5793489091209825	-1
62805	410.83334	487.9	5.8333335	406.7001	492.29987	10.5	3	6.0367659293226	-1
62835	403.525	489.0	7.875	406.7001	492.29987	10.5	8	4.5793489091209825	-1
62865	410.83334	487.9	5.8333335	406.7001	492.29987	10.5	3	6.0367659293226	-1
62895	403.525	489.0	7.875	406.7001	492.29987	10.5	8	4.5793489091209825	-1
62925	408.0	488.925	7.0	406.7001	492.29987	10.5	4	3.616563462137399	-1
62955	403.525	489.0	7.875	406.7001	492.29987	10.5	8	4.5793489091209825	-1
62985	408.225	489.0	7.0	406.7001	492.29987	10.5	4	3.635167251384164	-1
63015	403.525	489.0	7.875	406.7001	492.29987	10.5	8	4.5793489091209825	-1
63045	408.225	489.0	7.0	406.7001	492.29987	10.5	4	3.635167251384164	-1
63075	403.525	489.0	7.875	406.7001	492.29987	10.5	8	4.5793489091209825	-1
63105	408.225	489.0	7.0	406.7001	492.29987	10.5	4	3.635167251384164	-1
63135	403.525	489.0	7.875	406.7001	492.29987	10.5	8	4.5793489091209825	-1
63165	408.225	489.0	7.0	406.7001	492.29987	10.5	4	3.635167251384164	-1
63195	403.525	489.0	7.875	406.7001	492.29987	10.5	8	4.5793489091209825	-1
63225	408.225	489.0	7.0	406.7001	492.29987	10.5	4	3.635167251384164	-1
63255	403.525	489.0	7.875	406.7001	492.29987	10.5	8	4.5793489091209825	-1
63285	408.225	489.0	7.0	406.7001	492.29987	10.5	4	3.635167251384164	-1
63315	403.525	489.0	7.875	406.7001	492.29987	10.5	8	4.5793489091209825	-1
63345	408.225	489.0	7.0	406.7001	492.29987	10.5	4	3.635167251384164	-1
63375	403.525	489.0	7.875	406.7001	492.29987	10.5	8	4.5793489091209825	-1
63405	408.225	489.0	7.0	406.7001	492.29987	10.5	4	3.635167251384164	-1
63435	403.525	489.0	7.875	406.7001	492.29987	10.5	8	4.5793489091209825	-1
63465	408.225	489.0	7.0	406.7001	492.29987	10.5	4	3.635167251384164	-1
63495	403.525	489.0	7.875	406.7901	491.86325	10.5	8	4.3427092075852185	-1
63525	417.1	487.9	5.8333335	418.85	489.29987	10.5	3	2.241013415780856	-1
63555	433.83334	487.9	9.333333	436.5832	485.2033	10.5	3	3.8514640132487536	-1
63615	454.69998	465.70004	7.0	444.4833	462.26334	0.0	3	10.779211285025477	-1
63675	477.69998	467.9	5.8333335	487.08334	462.05997	0.0	3	11.052302594943146	-1
